Metric,Proportional,Max-Flow,Equity-Aware
Total Water Delivered (L),"11,317,824","11,317,824","11,317,824"
Fulfillment Rate (%),70.00%,70.00%,70.00%
Average Shortage (L),"107,789","107,789","107,789"
Maximum Shortage (L),"172,935","576,450","553,000"
Weighted Shortage (L),"115,332","117,330","87,827"
Average Satisfaction (%),70.00%,69.24%,59.03%
Jain's Fairness Index,1.0000,0.7029,0.5958
Gini Coefficient,0.0000,0.3071,0.4095
Hoover (Robin Hood) Index,0.0000,0.2962,0.4010
% Villages >= 70% Service,100.0%,66.7%,57.8%
