village_id,village_name,population,vulnerability_index,historical_shortage,priority_score,priority_rank,predicted_demand_l,alloc_proportional_l,alloc_max_flow_l,alloc_equity_aware_l,sat_proportional,sat_max_flow,sat_equity_aware
VIL_010,Kashti,8138,0.94,Critical,0.878,1,569660.0,398762.0,569660.0,569660.0,0.7,1.0,1.0
VIL_025,Malegaon,7574,0.8,Critical,0.7873,2,530180.0,371126.0,530180.0,530180.0,0.7,1.0,1.0
VIL_026,Supa,8092,0.69,Critical,0.7738,3,566440.0,396508.0,566440.0,566440.0,0.7,1.0,1.0
VIL_022,Khamgaon,7219,0.88,Moderate,0.7343,4,505330.0,353731.0,0.0,505330.0,0.7,0.0,1.0
VIL_014,Loni,7177,0.76,High,0.7248,5,502390.0,351673.0,0.0,502390.0,0.7,0.0,1.0
VIL_020,Sawargaon,6316,0.81,High,0.7137,6,442120.0,309484.0,0.0,442120.0,0.7,0.0,1.0
VIL_001,Khadki,7956,0.84,Low,0.6788,7,556920.0,389844.0,380044.0,556920.0,0.7,0.6824,1.0
VIL_015,Rahata,8235,0.72,Low,0.662,8,576450.0,403515.0,0.0,576450.0,0.7,0.0,1.0
VIL_045,Shevgaon,6939,0.78,Moderate,0.6575,9,485730.0,340011.0,485730.0,485730.0,0.7,1.0,1.0
VIL_021,Pangri,5391,0.85,Moderate,0.6554,10,377370.0,264159.0,377370.0,377370.0,0.7,1.0,1.0
VIL_004,Nandur,5040,0.62,High,0.6365,11,352800.0,246960.0,352800.0,352800.0,0.7,1.0,1.0
VIL_007,Chincholi,8110,0.63,Moderate,0.6314,12,567700.0,397390.0,567700.0,567700.0,0.7,1.0,1.0
VIL_044,Pathardi,6347,0.59,High,0.6304,13,444290.0,311003.0,444290.0,444290.0,0.7,1.0,1.0
VIL_013,Koregaon,6334,0.86,Low,0.6219,14,443380.0,310366.0,443380.0,443380.0,0.7,1.0,1.0
VIL_024,Ghanegaon,7828,0.58,Moderate,0.6126,15,547960.0,383572.0,0.0,547960.0,0.7,0.0,1.0
VIL_041,Gondhavale,4260,0.82,High,0.612,16,298200.0,208740.0,298200.0,298200.0,0.7,1.0,1.0
VIL_016,Walki,2684,0.73,High,0.5918,17,187880.0,131516.0,187880.0,187880.0,0.7,1.0,1.0
VIL_023,Jategaon,2957,0.58,Critical,0.5893,18,206990.0,144893.0,206990.0,206990.0,0.7,1.0,1.0
VIL_036,Kasti,7115,0.61,Low,0.5885,19,498050.0,348635.0,498050.0,498050.0,0.7,1.0,1.0
VIL_005,Wadgaon,2228,0.9,High,0.5836,20,155960.0,109172.0,0.0,155960.0,0.7,0.0,1.0
VIL_042,Bhenda,3893,0.47,Critical,0.5625,21,272510.0,190757.0,272510.0,272510.0,0.7,1.0,1.0
VIL_029,Dahigaon,5836,0.87,Low,0.5592,22,408520.0,285964.0,408520.0,408520.0,0.7,1.0,1.0
VIL_043,Kukana,6091,0.3,High,0.5585,23,426370.0,298459.0,426370.0,426370.0,0.7,1.0,1.0
VIL_038,Padali,3929,0.64,Moderate,0.5419,24,275030.0,192521.0,0.0,275030.0,0.7,0.0,1.0
VIL_032,Varvand,6479,0.27,High,0.5292,25,453530.0,317471.0,453530.0,453530.0,0.7,1.0,1.0
VIL_011,Belwandi,5688,0.31,High,0.5247,26,398160.0,278712.0,0.0,398160.0,0.7,0.0,1.0
VIL_002,Pipri,6781,0.44,Moderate,0.5178,27,474670.0,332269.0,474670.0,267904.0,0.7,1.0,0.5644
VIL_035,Bori,4357,0.55,High,0.515,28,304990.0,213493.0,304990.0,0.0,0.7,1.0,0.0
VIL_037,Manjargaon,3825,0.41,High,0.5125,29,267750.0,187425.0,267750.0,0.0,0.7,1.0,0.0
VIL_031,Alandi,7868,0.48,Low,0.5091,30,550760.0,385532.0,261030.0,0.0,0.7,0.4739,0.0
VIL_039,Wategaon,7900,0.22,Low,0.4777,31,553000.0,387100.0,553000.0,0.0,0.7,1.0,0.0
VIL_008,Babhulgaon,5693,0.27,High,0.4704,32,398510.0,278957.0,398510.0,0.0,0.7,1.0,0.0
VIL_028,Chikalthana,4442,0.8,Low,0.4612,33,310940.0,217658.0,0.0,0.0,0.7,0.0,0.0
VIL_019,Nimgaon,1763,0.81,Moderate,0.4561,34,123410.0,86387.0,123410.0,0.0,0.7,1.0,0.0
VIL_018,Takli,3990,0.42,High,0.4486,35,279300.0,195510.0,279300.0,0.0,0.7,1.0,0.0
VIL_027,Khandala,2878,0.73,Low,0.4484,36,201460.0,141022.0,0.0,0.0,0.7,0.0,0.0
VIL_017,Deolali,2063,0.47,Critical,0.446,37,144410.0,101087.0,0.0,0.0,0.7,0.0,0.0
VIL_003,Shirur,3890,0.33,Moderate,0.4274,38,272300.0,190610.0,272300.0,0.0,0.7,1.0,0.0
VIL_033,Kedgaon,2922,0.63,Low,0.418,39,204540.0,143178.0,0.0,0.0,0.7,0.0,0.0
VIL_034,Pargaon,4514,0.23,Moderate,0.3883,40,315980.0,221186.0,315980.0,0.0,0.7,1.0,0.0
VIL_009,Ambegaon,2070,0.66,Moderate,0.3863,41,144900.0,101430.0,144900.0,0.0,0.7,1.0,0.0
VIL_006,Dhamangaon,1702,0.72,Low,0.3748,42,119140.0,83398.0,0.0,0.0,0.7,0.0,0.0
VIL_040,Hingoni,2797,0.23,High,0.3369,43,195790.0,137053.0,195790.0,0.0,0.7,1.0,0.0
VIL_030,Ranjangaon,2259,0.45,Low,0.2992,44,158130.0,110691.0,158130.0,0.0,0.7,1.0,0.0
VIL_012,Mandavgan,1406,0.59,Low,0.293,45,98420.0,68894.0,98420.0,0.0,0.7,1.0,0.0
