village_id,village_name,population,vulnerability_index,priority_score,priority_rank,predicted_demand_l,allocated_water_l,latitude,longitude,shortage_l,satisfaction_ratio,satisfaction_pct,shortage_status
VIL_010,Kashti,8138,0.94,0.878,1,569660.0,569660.0,19.245651,75.91853,0.0,1.0,100.0,Low
VIL_025,Malegaon,7574,0.8,0.7873,2,530180.0,530180.0,19.069249,76.190821,0.0,1.0,100.0,Low
VIL_026,Supa,8092,0.69,0.7738,3,566440.0,566440.0,19.299623,76.040571,0.0,1.0,100.0,Low
VIL_022,Khamgaon,7219,0.88,0.7343,4,505330.0,505330.0,18.847646,75.598647,0.0,1.0,100.0,Low
VIL_014,Loni,7177,0.76,0.7248,5,502390.0,502390.0,18.898637,75.531659,0.0,1.0,100.0,Low
VIL_020,Sawargaon,6316,0.81,0.7137,6,442120.0,442120.0,18.95386,75.696654,0.0,1.0,100.0,Low
VIL_001,Khadki,7956,0.84,0.6788,7,556920.0,556920.0,19.012178,75.963766,0.0,1.0,100.0,Low
VIL_015,Rahata,8235,0.72,0.662,8,576450.0,576450.0,18.877277,75.727731,0.0,1.0,100.0,Low
VIL_045,Shevgaon,6939,0.78,0.6575,9,485730.0,485730.0,18.931146,75.83055,0.0,1.0,100.0,Low
VIL_021,Pangri,5391,0.85,0.6554,10,377370.0,377370.0,19.178297,75.879887,0.0,1.0,100.0,Low
VIL_004,Nandur,5040,0.62,0.6365,11,352800.0,352800.0,19.169061,75.882697,0.0,1.0,100.0,Low
VIL_007,Chincholi,8110,0.63,0.6314,12,567700.0,567700.0,18.790659,76.042593,0.0,1.0,100.0,Low
VIL_044,Pathardi,6347,0.59,0.6304,13,444290.0,444290.0,19.386524,76.121049,0.0,1.0,100.0,Low
VIL_013,Koregaon,6334,0.86,0.6219,14,443380.0,443380.0,19.33271,75.637188,0.0,1.0,100.0,Low
VIL_024,Ghanegaon,7828,0.58,0.6126,15,547960.0,547960.0,19.006453,75.552185,0.0,1.0,100.0,Low
VIL_041,Gondhavale,4260,0.82,0.612,16,298200.0,298200.0,18.835427,75.727628,0.0,1.0,100.0,Low
VIL_016,Walki,2684,0.73,0.5918,17,187880.0,187880.0,18.878383,75.772074,0.0,1.0,100.0,Low
VIL_023,Jategaon,2957,0.58,0.5893,18,206990.0,206990.0,18.954501,76.061538,0.0,1.0,100.0,Low
VIL_036,Kasti,7115,0.61,0.5885,19,498050.0,498050.0,19.315878,76.104172,0.0,1.0,100.0,Low
VIL_005,Wadgaon,2228,0.9,0.5836,20,155960.0,155960.0,18.859213,75.629398,0.0,1.0,100.0,Low
VIL_042,Bhenda,3893,0.47,0.5625,21,272510.0,272510.0,19.096624,76.010724,0.0,1.0,100.0,Low
VIL_029,Dahigaon,5836,0.87,0.5592,22,408520.0,408520.0,19.16469,76.070823,0.0,1.0,100.0,Low
VIL_043,Kukana,6091,0.3,0.5585,23,426370.0,426370.0,18.774072,75.94629,0.0,1.0,100.0,Low
VIL_038,Padali,3929,0.64,0.5419,24,275030.0,275030.0,18.81837,75.731629,0.0,1.0,100.0,Low
VIL_032,Varvand,6479,0.27,0.5292,25,453530.0,453530.0,18.869367,76.039889,0.0,1.0,100.0,Low
VIL_011,Belwandi,5688,0.31,0.5247,26,398160.0,398160.0,18.764409,76.145312,0.0,1.0,100.0,Low
VIL_002,Pipri,6781,0.44,0.5178,27,474670.0,474670.0,19.4155,75.718198,0.0,1.0,100.0,Low
VIL_035,Bori,4357,0.55,0.515,28,304990.0,304990.0,19.425942,75.581108,0.0,1.0,100.0,Low
VIL_037,Manjargaon,3825,0.41,0.5125,29,267750.0,267750.0,18.96323,75.936309,0.0,1.0,100.0,Low
VIL_031,Alandi,7868,0.48,0.5091,30,550760.0,550760.0,19.175281,76.010305,0.0,1.0,100.0,Low
VIL_039,Wategaon,7900,0.22,0.4777,31,553000.0,553000.0,19.228963,75.544491,0.0,1.0,100.0,Low
VIL_008,Babhulgaon,5693,0.27,0.4704,32,398510.0,398510.0,19.356323,76.157649,0.0,1.0,100.0,Low
VIL_028,Chikalthana,4442,0.8,0.4612,33,310940.0,310940.0,19.109964,75.503865,0.0,1.0,100.0,Low
VIL_019,Nimgaon,1763,0.81,0.4561,34,123410.0,123410.0,19.052362,75.749727,0.0,1.0,100.0,Low
VIL_018,Takli,3990,0.42,0.4486,35,279300.0,279300.0,19.11733,76.080116,0.0,1.0,100.0,Low
VIL_027,Khandala,2878,0.73,0.4484,36,201460.0,201460.0,18.889772,75.639101,0.0,1.0,100.0,Low
VIL_017,Deolali,2063,0.47,0.446,37,144410.0,144410.0,18.96297,75.689944,0.0,1.0,100.0,Low
VIL_003,Shirur,3890,0.33,0.4274,38,272300.0,272300.0,19.262396,75.864048,0.0,1.0,100.0,Low
VIL_033,Kedgaon,2922,0.63,0.418,39,204540.0,204540.0,18.795536,75.551831,0.0,1.0,100.0,Low
VIL_034,Pargaon,4514,0.23,0.3883,40,315980.0,315980.0,19.41422,75.750926,0.0,1.0,100.0,Low
VIL_009,Ambegaon,2070,0.66,0.3863,41,144900.0,144900.0,19.170781,76.126379,0.0,1.0,100.0,Low
VIL_006,Dhamangaon,1702,0.72,0.3748,42,119140.0,119140.0,18.859196,76.178709,0.0,1.0,100.0,Low
VIL_040,Hingoni,2797,0.23,0.3369,43,195790.0,195790.0,19.058107,75.717688,0.0,1.0,100.0,Low
VIL_030,Ranjangaon,2259,0.45,0.2992,44,158130.0,158130.0,18.782515,75.9948,0.0,1.0,100.0,Low
VIL_012,Mandavgan,1406,0.59,0.293,45,98420.0,98420.0,19.428937,75.561945,0.0,1.0,100.0,Low
