pipeline_id,source_node,destination_node,capacity_l_per_day,current_flow_l,utilization_pct,status
PIPE_001,SRC_001,TNK_01,80000000.0,2190440.0,2.73805,Operational
PIPE_002,SRC_001,TNK_02,60000000.0,0.0,0.0,Operational
PIPE_003,SRC_002,TNK_02,50000000.0,4936470.0,9.87294,Operational
PIPE_004,SRC_002,TNK_03,55000000.0,4876620.0,8.866581818181817,Operational
PIPE_005,SRC_003,TNK_04,35000000.0,0.0,0.0,Operational
PIPE_006,SRC_003,TNK_05,25000000.0,4164790.0,16.65916,Operational
PIPE_007,TNK_01,TNK_02,30000000.0,0.0,0.0,Operational
PIPE_008,TNK_02,TNK_04,30000000.0,2547090.0,8.490300000000001,Operational
PIPE_009,TNK_04,TNK_05,20000000.0,0.0,0.0,Operational
PIPE_010,TNK_04,VIL_001,4500000.0,0.0,0.0,Operational
PIPE_011,TNK_03,VIL_001,2500000.0,556920.0,22.276799999999998,Operational
PIPE_012,TNK_01,VIL_002,8000000.0,474670.0,5.933375,Operational
PIPE_013,TNK_02,VIL_003,3125000.0,272300.0,8.713600000000001,Operational
PIPE_014,TNK_02,VIL_004,8000000.0,352800.0,4.41,Operational
PIPE_015,TNK_05,VIL_005,6125000.0,155960.0,2.5462857142857143,Operational
PIPE_016,TNK_03,VIL_006,6125000.0,119140.0,1.945142857142857,Operational
PIPE_017,TNK_04,VIL_006,2500000.0,0.0,0.0,Operational
PIPE_018,TNK_04,VIL_007,3125000.0,567700.0,18.1664,Operational
PIPE_019,TNK_03,VIL_008,6125000.0,398510.0,6.506285714285714,Operational
PIPE_020,TNK_03,VIL_009,3125000.0,144900.0,4.6368,Operational
PIPE_021,TNK_02,VIL_010,4500000.0,569660.0,12.659111111111109,Operational
PIPE_022,TNK_04,VIL_011,4500000.0,0.0,0.0,Operational
PIPE_023,TNK_03,VIL_011,2500000.0,398160.0,15.9264,Operational
PIPE_024,TNK_01,VIL_012,3125000.0,98420.0,3.14944,Operational
PIPE_025,TNK_01,VIL_013,6125000.0,443380.0,7.238857142857142,Operational
PIPE_026,TNK_05,VIL_014,8000000.0,502390.0,6.279875,Operational
PIPE_027,TNK_05,VIL_015,3125000.0,576450.0,18.4464,Operational
PIPE_028,TNK_05,VIL_016,3125000.0,0.0,0.0,Operational
PIPE_029,TNK_04,VIL_016,2500000.0,187880.0,7.5152,Operational
PIPE_030,TNK_05,VIL_017,4500000.0,144410.0,3.209111111111111,Operational
PIPE_031,TNK_03,VIL_018,8000000.0,279300.0,3.49125,Operational
PIPE_032,TNK_02,VIL_019,6125000.0,123410.0,2.0148571428571427,Operational
PIPE_033,TNK_05,VIL_020,3125000.0,442120.0,14.14784,Operational
PIPE_034,TNK_02,VIL_021,3125000.0,377370.0,12.07584,Operational
PIPE_035,TNK_03,VIL_021,2500000.0,0.0,0.0,Operational
PIPE_036,TNK_05,VIL_022,3125000.0,505330.0,16.170560000000002,Operational
PIPE_037,TNK_03,VIL_023,6125000.0,206990.0,3.3794285714285714,Operational
PIPE_038,TNK_05,VIL_024,6125000.0,547960.0,8.946285714285715,Operational
PIPE_039,TNK_03,VIL_025,4500000.0,530180.0,11.781777777777776,Operational
PIPE_040,TNK_03,VIL_026,4500000.0,566440.0,12.587555555555555,Operational
PIPE_041,TNK_02,VIL_026,2500000.0,0.0,0.0,Operational
PIPE_042,TNK_05,VIL_027,3125000.0,201460.0,6.44672,Operational
PIPE_043,TNK_05,VIL_028,3125000.0,310940.0,9.95008,Operational
PIPE_044,TNK_03,VIL_029,4500000.0,408520.0,9.078222222222223,Operational
PIPE_045,TNK_04,VIL_030,3125000.0,158130.0,5.06016,Operational
PIPE_046,TNK_03,VIL_031,8000000.0,550760.0,6.8845,Operational
PIPE_047,TNK_02,VIL_031,2500000.0,0.0,0.0,Operational
PIPE_048,TNK_04,VIL_032,4500000.0,453530.0,10.078444444444443,Operational
PIPE_049,TNK_05,VIL_033,3125000.0,204540.0,6.545280000000001,Operational
PIPE_050,TNK_01,VIL_034,3125000.0,315980.0,10.11136,Operational
PIPE_051,TNK_01,VIL_035,4500000.0,304990.0,6.777555555555556,Operational
PIPE_052,TNK_03,VIL_036,3125000.0,0.0,0.0,Operational
PIPE_053,TNK_02,VIL_036,2500000.0,498050.0,19.922,Operational
PIPE_054,TNK_04,VIL_037,6125000.0,267750.0,4.371428571428571,Operational
PIPE_055,TNK_05,VIL_038,3125000.0,275030.0,8.80096,Operational
PIPE_056,TNK_01,VIL_039,8000000.0,553000.0,6.9125000000000005,Operational
PIPE_057,TNK_02,VIL_040,6125000.0,195790.0,3.1965714285714286,Operational
PIPE_058,TNK_05,VIL_041,8000000.0,298200.0,3.7275,Operational
PIPE_059,TNK_04,VIL_041,2500000.0,0.0,0.0,Operational
PIPE_060,TNK_03,VIL_042,8000000.0,272510.0,3.4063749999999997,Operational
PIPE_061,TNK_04,VIL_043,3125000.0,426370.0,13.643839999999999,Operational
PIPE_062,TNK_03,VIL_044,6125000.0,444290.0,7.253714285714286,Operational
PIPE_063,TNK_04,VIL_045,4500000.0,485730.0,10.793999999999999,Operational
