village_id,latitude,longitude,geometry
VIL_001,19.012178,75.963766,POINT (75.963766 19.012178)
VIL_002,19.4155,75.718198,POINT (75.718198 19.415500)
VIL_003,19.262396,75.864048,POINT (75.864048 19.262396)
VIL_004,19.169061,75.882697,POINT (75.882697 19.169061)
VIL_005,18.859213,75.629398,POINT (75.629398 18.859213)
VIL_006,18.859196,76.178709,POINT (76.178709 18.859196)
VIL_007,18.790659,76.042593,POINT (76.042593 18.790659)
VIL_008,19.356323,76.157649,POINT (76.157649 19.356323)
VIL_009,19.170781,76.126379,POINT (76.126379 19.170781)
VIL_010,19.245651,75.91853,POINT (75.918530 19.245651)
VIL_011,18.764409,76.145312,POINT (76.145312 18.764409)
VIL_012,19.428937,75.561945,POINT (75.561945 19.428937)
VIL_013,19.33271,75.637188,POINT (75.637188 19.332710)
VIL_014,18.898637,75.531659,POINT (75.531659 18.898637)
VIL_015,18.877277,75.727731,POINT (75.727731 18.877277)
VIL_016,18.878383,75.772074,POINT (75.772074 18.878383)
VIL_017,18.96297,75.689944,POINT (75.689944 18.962970)
VIL_018,19.11733,76.080116,POINT (76.080116 19.117330)
VIL_019,19.052362,75.749727,POINT (75.749727 19.052362)
VIL_020,18.95386,75.696654,POINT (75.696654 18.953860)
VIL_021,19.178297,75.879887,POINT (75.879887 19.178297)
VIL_022,18.847646,75.598647,POINT (75.598647 18.847646)
VIL_023,18.954501,76.061538,POINT (76.061538 18.954501)
VIL_024,19.006453,75.552185,POINT (75.552185 19.006453)
VIL_025,19.069249,76.190821,POINT (76.190821 19.069249)
VIL_026,19.299623,76.040571,POINT (76.040571 19.299623)
VIL_027,18.889772,75.639101,POINT (75.639101 18.889772)
VIL_028,19.109964,75.503865,POINT (75.503865 19.109964)
VIL_029,19.16469,76.070823,POINT (76.070823 19.164690)
VIL_030,18.782515,75.9948,POINT (75.994800 18.782515)
VIL_031,19.175281,76.010305,POINT (76.010305 19.175281)
VIL_032,18.869367,76.039889,POINT (76.039889 18.869367)
VIL_033,18.795536,75.551831,POINT (75.551831 18.795536)
VIL_034,19.41422,75.750926,POINT (75.750926 19.414220)
VIL_035,19.425942,75.581108,POINT (75.581108 19.425942)
VIL_036,19.315878,76.104172,POINT (76.104172 19.315878)
VIL_037,18.96323,75.936309,POINT (75.936309 18.963230)
VIL_038,18.81837,75.731629,POINT (75.731629 18.818370)
VIL_039,19.228963,75.544491,POINT (75.544491 19.228963)
VIL_040,19.058107,75.717688,POINT (75.717688 19.058107)
VIL_041,18.835427,75.727628,POINT (75.727628 18.835427)
VIL_042,19.096624,76.010724,POINT (76.010724 19.096624)
VIL_043,18.774072,75.94629,POINT (75.946290 18.774072)
VIL_044,19.386524,76.121049,POINT (76.121049 19.386524)
VIL_045,18.931146,75.83055,POINT (75.830550 18.931146)
