pipeline_id,source_node,destination_node,geometry
PIPE_001,SRC_001,TNK_01,"LINESTRING (75.620000 19.350000, 75.710000 19.280000)"
PIPE_002,SRC_001,TNK_02,"LINESTRING (75.620000 19.350000, 75.820000 19.140000)"
PIPE_003,SRC_002,TNK_02,"LINESTRING (75.920000 19.180000, 75.820000 19.140000)"
PIPE_004,SRC_002,TNK_03,"LINESTRING (75.920000 19.180000, 76.080000 19.160000)"
PIPE_005,SRC_003,TNK_04,"LINESTRING (75.750000 18.880000, 75.840000 18.980000)"
PIPE_006,SRC_003,TNK_05,"LINESTRING (75.750000 18.880000, 75.650000 18.910000)"
PIPE_007,TNK_01,TNK_02,"LINESTRING (75.710000 19.280000, 75.820000 19.140000)"
PIPE_008,TNK_02,TNK_04,"LINESTRING (75.820000 19.140000, 75.840000 18.980000)"
PIPE_009,TNK_04,TNK_05,"LINESTRING (75.840000 18.980000, 75.650000 18.910000)"
PIPE_010,TNK_04,VIL_001,"LINESTRING (75.840000 18.980000, 75.963766 19.012178)"
PIPE_011,TNK_03,VIL_001,"LINESTRING (76.080000 19.160000, 75.963766 19.012178)"
PIPE_012,TNK_01,VIL_002,"LINESTRING (75.710000 19.280000, 75.718198 19.415500)"
PIPE_013,TNK_02,VIL_003,"LINESTRING (75.820000 19.140000, 75.864048 19.262396)"
PIPE_014,TNK_02,VIL_004,"LINESTRING (75.820000 19.140000, 75.882697 19.169061)"
PIPE_015,TNK_05,VIL_005,"LINESTRING (75.650000 18.910000, 75.629398 18.859213)"
PIPE_016,TNK_03,VIL_006,"LINESTRING (76.080000 19.160000, 76.178709 18.859196)"
PIPE_017,TNK_04,VIL_006,"LINESTRING (75.840000 18.980000, 76.178709 18.859196)"
PIPE_018,TNK_04,VIL_007,"LINESTRING (75.840000 18.980000, 76.042593 18.790659)"
PIPE_019,TNK_03,VIL_008,"LINESTRING (76.080000 19.160000, 76.157649 19.356323)"
PIPE_020,TNK_03,VIL_009,"LINESTRING (76.080000 19.160000, 76.126379 19.170781)"
PIPE_021,TNK_02,VIL_010,"LINESTRING (75.820000 19.140000, 75.918530 19.245651)"
PIPE_022,TNK_04,VIL_011,"LINESTRING (75.840000 18.980000, 76.145312 18.764409)"
PIPE_023,TNK_03,VIL_011,"LINESTRING (76.080000 19.160000, 76.145312 18.764409)"
PIPE_024,TNK_01,VIL_012,"LINESTRING (75.710000 19.280000, 75.561945 19.428937)"
PIPE_025,TNK_01,VIL_013,"LINESTRING (75.710000 19.280000, 75.637188 19.332710)"
PIPE_026,TNK_05,VIL_014,"LINESTRING (75.650000 18.910000, 75.531659 18.898637)"
PIPE_027,TNK_05,VIL_015,"LINESTRING (75.650000 18.910000, 75.727731 18.877277)"
PIPE_028,TNK_05,VIL_016,"LINESTRING (75.650000 18.910000, 75.772074 18.878383)"
PIPE_029,TNK_04,VIL_016,"LINESTRING (75.840000 18.980000, 75.772074 18.878383)"
PIPE_030,TNK_05,VIL_017,"LINESTRING (75.650000 18.910000, 75.689944 18.962970)"
PIPE_031,TNK_03,VIL_018,"LINESTRING (76.080000 19.160000, 76.080116 19.117330)"
PIPE_032,TNK_02,VIL_019,"LINESTRING (75.820000 19.140000, 75.749727 19.052362)"
PIPE_033,TNK_05,VIL_020,"LINESTRING (75.650000 18.910000, 75.696654 18.953860)"
PIPE_034,TNK_02,VIL_021,"LINESTRING (75.820000 19.140000, 75.879887 19.178297)"
PIPE_035,TNK_03,VIL_021,"LINESTRING (76.080000 19.160000, 75.879887 19.178297)"
PIPE_036,TNK_05,VIL_022,"LINESTRING (75.650000 18.910000, 75.598647 18.847646)"
PIPE_037,TNK_03,VIL_023,"LINESTRING (76.080000 19.160000, 76.061538 18.954501)"
PIPE_038,TNK_05,VIL_024,"LINESTRING (75.650000 18.910000, 75.552185 19.006453)"
PIPE_039,TNK_03,VIL_025,"LINESTRING (76.080000 19.160000, 76.190821 19.069249)"
PIPE_040,TNK_03,VIL_026,"LINESTRING (76.080000 19.160000, 76.040571 19.299623)"
PIPE_041,TNK_02,VIL_026,"LINESTRING (75.820000 19.140000, 76.040571 19.299623)"
PIPE_042,TNK_05,VIL_027,"LINESTRING (75.650000 18.910000, 75.639101 18.889772)"
PIPE_043,TNK_05,VIL_028,"LINESTRING (75.650000 18.910000, 75.503865 19.109964)"
PIPE_044,TNK_03,VIL_029,"LINESTRING (76.080000 19.160000, 76.070823 19.164690)"
PIPE_045,TNK_04,VIL_030,"LINESTRING (75.840000 18.980000, 75.994800 18.782515)"
PIPE_046,TNK_03,VIL_031,"LINESTRING (76.080000 19.160000, 76.010305 19.175281)"
PIPE_047,TNK_02,VIL_031,"LINESTRING (75.820000 19.140000, 76.010305 19.175281)"
PIPE_048,TNK_04,VIL_032,"LINESTRING (75.840000 18.980000, 76.039889 18.869367)"
PIPE_049,TNK_05,VIL_033,"LINESTRING (75.650000 18.910000, 75.551831 18.795536)"
PIPE_050,TNK_01,VIL_034,"LINESTRING (75.710000 19.280000, 75.750926 19.414220)"
PIPE_051,TNK_01,VIL_035,"LINESTRING (75.710000 19.280000, 75.581108 19.425942)"
PIPE_052,TNK_03,VIL_036,"LINESTRING (76.080000 19.160000, 76.104172 19.315878)"
PIPE_053,TNK_02,VIL_036,"LINESTRING (75.820000 19.140000, 76.104172 19.315878)"
PIPE_054,TNK_04,VIL_037,"LINESTRING (75.840000 18.980000, 75.936309 18.963230)"
PIPE_055,TNK_05,VIL_038,"LINESTRING (75.650000 18.910000, 75.731629 18.818370)"
PIPE_056,TNK_01,VIL_039,"LINESTRING (75.710000 19.280000, 75.544491 19.228963)"
PIPE_057,TNK_02,VIL_040,"LINESTRING (75.820000 19.140000, 75.717688 19.058107)"
PIPE_058,TNK_05,VIL_041,"LINESTRING (75.650000 18.910000, 75.727628 18.835427)"
PIPE_059,TNK_04,VIL_041,"LINESTRING (75.840000 18.980000, 75.727628 18.835427)"
PIPE_060,TNK_03,VIL_042,"LINESTRING (76.080000 19.160000, 76.010724 19.096624)"
PIPE_061,TNK_04,VIL_043,"LINESTRING (75.840000 18.980000, 75.946290 18.774072)"
PIPE_062,TNK_03,VIL_044,"LINESTRING (76.080000 19.160000, 76.121049 19.386524)"
PIPE_063,TNK_04,VIL_045,"LINESTRING (75.840000 18.980000, 75.830550 18.931146)"
