village_id,village_name,district,latitude,longitude,population,households,population_density,area_km2,elevation_m,vulnerability_index,accessibility_score,historical_shortage
VIL_001,Khadki,Ahmednagar,19.012178,75.963766,7956,1821,452.3,17.59,582.9,0.84,0.45,Low
VIL_002,Pipri,Ahmednagar,19.4155,75.718198,6781,1355,427,15.88,490.7,0.44,0.72,Moderate
VIL_003,Shirur,Ahmednagar,19.262396,75.864048,3890,830,481.4,8.08,512.5,0.33,0.36,Moderate
VIL_004,Nandur,Ahmednagar,19.169061,75.882697,5040,1022,238.6,21.12,566.8,0.62,0.34,High
VIL_005,Wadgaon,Ahmednagar,18.859213,75.629398,2228,445,184,12.11,586.9,0.9,0.66,High
VIL_006,Dhamangaon,Ahmednagar,18.859196,76.178709,1702,379,174.4,9.76,581.3,0.72,0.67,Low
VIL_007,Chincholi,Ahmednagar,18.790659,76.042593,8110,1886,1124.8,7.21,521.4,0.63,0.73,Moderate
VIL_008,Babhulgaon,Ahmednagar,19.356323,76.157649,5693,1292,338.1,16.84,589.7,0.27,0.79,High
VIL_009,Ambegaon,Ahmednagar,19.170781,76.126379,2070,451,112.7,18.36,523.2,0.66,0.96,Moderate
VIL_010,Kashti,Ahmednagar,19.245651,75.91853,8138,1648,1198.5,6.79,535.6,0.94,0.65,Critical
VIL_011,Belwandi,Ahmednagar,18.764409,76.145312,5688,1143,367.9,15.46,594.5,0.31,0.52,High
VIL_012,Mandavgan,Ahmednagar,19.428937,75.561945,1406,334,134.4,10.46,580.9,0.59,0.84,Low
VIL_013,Koregaon,Ahmednagar,19.33271,75.637188,6334,1359,356,17.79,608.9,0.86,0.48,Low
VIL_014,Loni,Ahmednagar,18.898637,75.531659,7177,1568,751.5,9.55,582.1,0.76,0.6,High
VIL_015,Rahata,Ahmednagar,18.877277,75.727731,8235,1871,443,18.59,569.6,0.72,0.35,Low
VIL_016,Walki,Ahmednagar,18.878383,75.772074,2684,623,202.3,13.27,503.1,0.73,0.32,High
VIL_017,Deolali,Ahmednagar,18.96297,75.689944,2063,458,90.1,22.89,541.5,0.47,0.95,Critical
VIL_018,Takli,Ahmednagar,19.11733,76.080116,3990,790,447.8,8.91,527.1,0.42,0.87,High
VIL_019,Nimgaon,Ahmednagar,19.052362,75.749727,1763,392,141.4,12.47,524.2,0.81,0.77,Moderate
VIL_020,Sawargaon,Ahmednagar,18.95386,75.696654,6316,1353,743.9,8.49,626.2,0.81,0.58,High
VIL_021,Pangri,Ahmednagar,19.178297,75.879887,5391,1115,237.7,22.68,545,0.85,0.42,Moderate
VIL_022,Khamgaon,Ahmednagar,18.847646,75.598647,7219,1594,330.4,21.85,614.9,0.88,0.41,Moderate
VIL_023,Jategaon,Ahmednagar,18.954501,76.061538,2957,582,268.6,11.01,578.4,0.58,0.47,Critical
VIL_024,Ghanegaon,Ahmednagar,19.006453,75.552185,7828,1545,433.7,18.05,601.3,0.58,0.67,Moderate
VIL_025,Malegaon,Ahmednagar,19.069249,76.190821,7574,1711,364.1,20.8,560.4,0.8,0.79,Critical
VIL_026,Supa,Chhatrapati Sambhajinagar,19.299623,76.040571,8092,1741,498.9,16.22,570.8,0.69,0.75,Critical
VIL_027,Khandala,Chhatrapati Sambhajinagar,18.889772,75.639101,2878,643,182.5,15.77,559,0.73,0.49,Low
VIL_028,Chikalthana,Chhatrapati Sambhajinagar,19.109964,75.503865,4442,996,414,10.73,517.3,0.8,0.95,Low
VIL_029,Dahigaon,Chhatrapati Sambhajinagar,19.16469,76.070823,5836,1378,717.8,8.13,591.1,0.87,0.8,Low
VIL_030,Ranjangaon,Chhatrapati Sambhajinagar,18.782515,75.9948,2259,475,101.8,22.2,529.3,0.45,0.68,Low
VIL_031,Alandi,Chhatrapati Sambhajinagar,19.175281,76.010305,7868,1691,353.5,22.26,493.4,0.48,0.72,Low
VIL_032,Varvand,Chhatrapati Sambhajinagar,18.869367,76.039889,6479,1525,368.5,17.58,580.4,0.27,0.59,High
VIL_033,Kedgaon,Chhatrapati Sambhajinagar,18.795536,75.551831,2922,656,235.1,12.43,514.8,0.63,0.47,Low
VIL_034,Pargaon,Chhatrapati Sambhajinagar,19.41422,75.750926,4514,899,358,12.61,621.7,0.23,0.54,Moderate
VIL_035,Bori,Chhatrapati Sambhajinagar,19.425942,75.581108,4357,986,226.9,19.2,623.6,0.55,0.82,High
VIL_036,Kasti,Beed,19.315878,76.104172,7115,1643,320.5,22.2,618.1,0.61,0.31,Low
VIL_037,Manjargaon,Beed,18.96323,75.936309,3825,824,173.7,22.02,541.8,0.41,0.38,High
VIL_038,Padali,Beed,18.81837,75.731629,3929,772,195,20.15,492.2,0.64,0.33,Moderate
VIL_039,Wategaon,Beed,19.228963,75.544491,7900,1788,445.3,17.74,620,0.22,0.33,Low
VIL_040,Hingoni,Beed,19.058107,75.717688,2797,582,350.9,7.97,549.9,0.23,0.88,High
VIL_041,Gondhavale,Beed,18.835427,75.727628,4260,871,456.6,9.33,625.3,0.82,0.78,High
VIL_042,Bhenda,Beed,19.096624,76.010724,3893,881,175.2,22.22,624.9,0.47,0.62,Critical
VIL_043,Kukana,Beed,18.774072,75.94629,6091,1254,356,17.11,609.4,0.3,0.37,High
VIL_044,Pathardi,Beed,19.386524,76.121049,6347,1400,953,6.66,531.2,0.59,0.63,High
VIL_045,Shevgaon,Beed,18.931146,75.83055,6939,1454,838,8.28,543.9,0.78,0.62,Moderate
