date,location_id,temperature_c,min_temperature_c,max_temperature_c,rainfall_mm,humidity_percent,wind_speed_kmh,season
2025-01-01,LOC_NORTH,20.6,12.4,28.8,0.0,40.1,10.6,Winter
2025-01-01,LOC_CENTRAL,22.0,14.2,29.7,0.0,50.6,12.0,Winter
2025-01-01,LOC_SOUTH,20.9,12.3,29.5,0.0,40.0,9.8,Winter
2025-01-02,LOC_NORTH,20.5,13.3,27.7,0.0,40.9,12.4,Winter
2025-01-02,LOC_CENTRAL,21.9,13.4,30.4,0.0,38.1,6.3,Winter
2025-01-02,LOC_SOUTH,22.5,14.7,30.3,0.0,36.3,11.6,Winter
2025-01-03,LOC_NORTH,19.9,12.1,27.7,0.0,35.4,8.4,Winter
2025-01-03,LOC_CENTRAL,22.2,13.9,30.5,0.0,39.6,11.9,Winter
2025-01-03,LOC_SOUTH,22.6,14.9,30.2,0.0,31.4,9.2,Winter
2025-01-04,LOC_NORTH,20.2,12.7,27.8,0.0,34.2,11.2,Winter
2025-01-04,LOC_CENTRAL,20.5,12.3,28.7,0.0,36.6,8.9,Winter
2025-01-04,LOC_SOUTH,20.7,13.1,28.3,0.0,30.8,8.2,Winter
2025-01-05,LOC_NORTH,21.2,13.6,28.7,0.0,36.8,7.1,Winter
2025-01-05,LOC_CENTRAL,21.2,14.8,27.7,0.0,40.4,10.6,Winter
2025-01-05,LOC_SOUTH,21.0,11.8,30.3,0.0,51.9,10.4,Winter
2025-01-06,LOC_NORTH,20.4,12.9,28.0,0.0,49.4,9.8,Winter
2025-01-06,LOC_CENTRAL,21.6,12.8,30.5,0.0,48.7,9.1,Winter
2025-01-06,LOC_SOUTH,21.8,13.5,30.0,0.0,31.6,6.3,Winter
2025-01-07,LOC_NORTH,19.7,11.5,27.9,0.0,31.9,11.5,Winter
2025-01-07,LOC_CENTRAL,21.6,14.1,29.1,0.0,52.8,10.7,Winter
2025-01-07,LOC_SOUTH,21.9,14.1,29.7,0.0,39.4,7.9,Winter
2025-01-08,LOC_NORTH,20.2,12.4,28.1,0.0,36.9,7.7,Winter
2025-01-08,LOC_CENTRAL,22.1,14.1,30.1,0.0,31.2,8.1,Winter
2025-01-08,LOC_SOUTH,20.4,13.2,27.6,0.0,41.9,12.7,Winter
2025-01-09,LOC_NORTH,21.4,14.4,28.4,0.0,54.2,6.7,Winter
2025-01-09,LOC_CENTRAL,21.8,13.6,29.9,0.0,42.0,9.4,Winter
2025-01-09,LOC_SOUTH,21.8,13.7,29.9,0.0,50.1,13.2,Winter
2025-01-10,LOC_NORTH,22.2,14.9,29.4,0.0,45.2,11.1,Winter
2025-01-10,LOC_CENTRAL,20.5,11.8,29.2,0.0,48.2,10.4,Winter
2025-01-10,LOC_SOUTH,21.8,14.7,28.9,0.0,37.4,10.2,Winter
2025-01-11,LOC_NORTH,22.0,14.3,29.6,0.0,41.5,12.7,Winter
2025-01-11,LOC_CENTRAL,20.8,11.7,29.8,0.0,31.1,11.0,Winter
2025-01-11,LOC_SOUTH,20.4,12.2,28.5,0.0,44.5,8.7,Winter
2025-01-12,LOC_NORTH,21.1,13.1,29.1,0.0,44.6,9.2,Winter
2025-01-12,LOC_CENTRAL,20.8,12.1,29.6,0.0,47.4,9.3,Winter
2025-01-12,LOC_SOUTH,21.7,13.3,30.1,0.0,54.3,10.8,Winter
2025-01-13,LOC_NORTH,21.3,14.4,28.2,0.0,38.6,8.8,Winter
2025-01-13,LOC_CENTRAL,20.5,13.4,27.6,0.0,43.4,8.8,Winter
2025-01-13,LOC_SOUTH,21.1,12.0,30.2,0.0,38.3,8.6,Winter
2025-01-14,LOC_NORTH,20.5,13.2,27.8,0.0,47.2,10.1,Winter
2025-01-14,LOC_CENTRAL,20.4,12.8,28.0,0.0,30.1,12.9,Winter
2025-01-14,LOC_SOUTH,20.7,13.6,27.8,0.0,54.7,10.3,Winter
2025-01-15,LOC_NORTH,21.3,12.3,30.3,0.0,49.0,10.3,Winter
2025-01-15,LOC_CENTRAL,20.7,11.7,29.7,0.0,33.7,7.1,Winter
2025-01-15,LOC_SOUTH,22.0,14.5,29.6,0.0,48.7,6.2,Winter
2025-01-16,LOC_NORTH,21.4,12.7,30.1,0.0,39.9,6.8,Winter
2025-01-16,LOC_CENTRAL,20.9,12.1,29.7,0.0,44.1,12.7,Winter
2025-01-16,LOC_SOUTH,20.6,13.4,27.8,0.0,35.8,8.7,Winter
2025-01-17,LOC_NORTH,20.8,12.7,28.9,0.0,46.2,9.8,Winter
2025-01-17,LOC_CENTRAL,21.7,14.1,29.3,0.0,43.9,10.7,Winter
2025-01-17,LOC_SOUTH,21.0,12.8,29.2,0.0,38.4,13.2,Winter
2025-01-18,LOC_NORTH,20.8,12.4,29.3,0.0,42.5,8.6,Winter
2025-01-18,LOC_CENTRAL,20.9,11.5,30.3,0.0,35.6,8.9,Winter
2025-01-18,LOC_SOUTH,21.8,14.5,29.0,0.0,32.2,12.4,Winter
2025-01-19,LOC_NORTH,21.0,14.4,27.7,0.0,31.3,6.1,Winter
2025-01-19,LOC_CENTRAL,22.3,15.0,29.6,0.0,52.4,10.6,Winter
2025-01-19,LOC_SOUTH,20.9,11.5,30.3,0.0,54.4,9.9,Winter
2025-01-20,LOC_NORTH,22.0,14.4,29.7,0.0,48.0,10.3,Winter
2025-01-20,LOC_CENTRAL,21.6,14.4,28.9,0.0,35.1,13.7,Winter
2025-01-20,LOC_SOUTH,20.9,12.2,29.6,0.0,48.4,10.2,Winter
2025-01-21,LOC_NORTH,21.9,14.2,29.6,0.0,32.2,10.0,Winter
2025-01-21,LOC_CENTRAL,21.4,12.6,30.3,0.0,44.8,9.0,Winter
2025-01-21,LOC_SOUTH,21.2,13.4,28.9,0.0,43.7,7.6,Winter
2025-01-22,LOC_NORTH,20.7,11.8,29.6,0.0,33.5,6.0,Winter
2025-01-22,LOC_CENTRAL,20.5,13.2,27.9,0.0,45.2,12.4,Winter
2025-01-22,LOC_SOUTH,21.2,14.5,27.8,0.0,48.6,9.3,Winter
2025-01-23,LOC_NORTH,22.6,15.0,30.3,0.0,35.1,9.0,Winter
2025-01-23,LOC_CENTRAL,22.2,14.0,30.3,0.0,31.2,12.3,Winter
2025-01-23,LOC_SOUTH,22.0,14.1,30.0,0.0,50.0,12.6,Winter
2025-01-24,LOC_NORTH,20.2,12.3,28.1,0.0,45.8,13.3,Winter
2025-01-24,LOC_CENTRAL,21.0,13.6,28.4,0.0,47.1,9.6,Winter
2025-01-24,LOC_SOUTH,22.1,14.6,29.6,0.0,45.6,10.3,Winter
2025-01-25,LOC_NORTH,21.2,13.5,28.8,0.0,38.9,9.1,Winter
2025-01-25,LOC_CENTRAL,20.4,11.7,29.1,0.0,35.7,10.3,Winter
2025-01-25,LOC_SOUTH,20.8,12.7,28.8,0.0,48.3,11.5,Winter
2025-01-26,LOC_NORTH,21.3,14.6,28.0,0.0,42.4,11.9,Winter
2025-01-26,LOC_CENTRAL,22.1,15.0,29.2,0.0,48.8,11.7,Winter
2025-01-26,LOC_SOUTH,20.9,12.0,29.8,0.0,35.1,11.7,Winter
2025-01-27,LOC_NORTH,21.6,14.1,29.0,0.0,32.6,10.3,Winter
2025-01-27,LOC_CENTRAL,20.8,13.1,28.6,0.0,45.1,10.0,Winter
2025-01-27,LOC_SOUTH,21.2,13.2,29.1,0.0,40.2,12.2,Winter
2025-01-28,LOC_NORTH,20.6,13.6,27.5,0.0,44.1,11.7,Winter
2025-01-28,LOC_CENTRAL,21.8,14.4,29.3,0.0,54.0,8.7,Winter
2025-01-28,LOC_SOUTH,20.6,13.0,28.2,0.0,37.2,10.9,Winter
2025-01-29,LOC_NORTH,21.1,12.0,30.2,0.0,32.5,8.0,Winter
2025-01-29,LOC_CENTRAL,21.6,13.6,29.7,0.0,32.6,13.4,Winter
2025-01-29,LOC_SOUTH,20.8,11.6,29.9,0.0,46.3,12.2,Winter
2025-01-30,LOC_NORTH,20.2,11.7,28.6,0.0,31.9,6.8,Winter
2025-01-30,LOC_CENTRAL,22.4,14.7,30.0,0.0,33.1,7.9,Winter
2025-01-30,LOC_SOUTH,20.1,12.2,28.0,0.0,50.9,8.7,Winter
2025-01-31,LOC_NORTH,20.4,12.3,28.4,0.0,45.2,9.0,Winter
2025-01-31,LOC_CENTRAL,21.0,12.2,29.7,0.0,49.7,10.8,Winter
2025-01-31,LOC_SOUTH,20.4,13.0,27.8,0.0,51.6,13.4,Winter
2025-02-01,LOC_NORTH,21.0,13.2,28.9,0.0,53.0,10.7,Winter
2025-02-01,LOC_CENTRAL,21.2,14.7,27.6,0.0,36.2,10.6,Winter
2025-02-01,LOC_SOUTH,19.8,11.6,28.0,0.0,37.8,12.2,Winter
2025-02-02,LOC_NORTH,20.3,12.3,28.3,0.0,35.3,10.1,Winter
2025-02-02,LOC_CENTRAL,21.8,13.1,30.4,0.0,43.9,12.9,Winter
2025-02-02,LOC_SOUTH,20.6,12.1,29.1,0.0,37.5,8.5,Winter
2025-02-03,LOC_NORTH,20.8,13.0,28.7,0.0,50.0,8.8,Winter
2025-02-03,LOC_CENTRAL,21.3,13.7,28.9,0.0,39.4,12.7,Winter
2025-02-03,LOC_SOUTH,20.9,12.5,29.3,0.0,47.9,10.2,Winter
2025-02-04,LOC_NORTH,21.2,13.2,29.1,0.0,42.4,12.1,Winter
2025-02-04,LOC_CENTRAL,20.2,12.7,27.8,0.0,31.9,12.0,Winter
2025-02-04,LOC_SOUTH,21.4,14.6,28.3,0.0,43.2,12.4,Winter
2025-02-05,LOC_NORTH,22.4,14.4,30.4,0.0,51.7,9.3,Winter
2025-02-05,LOC_CENTRAL,20.8,12.4,29.2,0.0,34.9,10.0,Winter
2025-02-05,LOC_SOUTH,21.0,12.7,29.3,0.0,44.2,13.1,Winter
2025-02-06,LOC_NORTH,21.6,14.0,29.2,0.0,50.1,13.9,Winter
2025-02-06,LOC_CENTRAL,21.8,14.3,29.3,0.0,54.1,13.6,Winter
2025-02-06,LOC_SOUTH,20.4,12.9,27.9,0.0,38.1,6.7,Winter
2025-02-07,LOC_NORTH,21.8,14.1,29.4,0.0,51.2,7.0,Winter
2025-02-07,LOC_CENTRAL,22.0,13.8,30.1,0.0,47.6,13.3,Winter
2025-02-07,LOC_SOUTH,21.0,12.7,29.4,0.0,50.6,8.9,Winter
2025-02-08,LOC_NORTH,21.0,14.4,27.6,0.0,38.6,12.2,Winter
2025-02-08,LOC_CENTRAL,21.6,14.5,28.6,0.0,35.5,13.8,Winter
2025-02-08,LOC_SOUTH,20.8,11.9,29.8,0.0,44.1,13.9,Winter
2025-02-09,LOC_NORTH,20.5,12.1,28.9,0.0,42.1,10.1,Winter
2025-02-09,LOC_CENTRAL,21.8,13.9,29.7,0.0,40.1,7.7,Winter
2025-02-09,LOC_SOUTH,21.2,13.0,29.4,0.0,33.3,13.2,Winter
2025-02-10,LOC_NORTH,21.8,13.9,29.6,0.0,50.6,10.2,Winter
2025-02-10,LOC_CENTRAL,21.5,13.2,29.9,0.0,31.7,9.2,Winter
2025-02-10,LOC_SOUTH,21.5,14.0,29.0,0.0,32.7,7.1,Winter
2025-02-11,LOC_NORTH,20.4,12.4,28.3,0.0,48.3,8.0,Winter
2025-02-11,LOC_CENTRAL,21.3,13.2,29.4,0.0,44.3,12.7,Winter
2025-02-11,LOC_SOUTH,21.4,14.2,28.7,0.0,40.6,8.8,Winter
2025-02-12,LOC_NORTH,21.2,12.1,30.4,0.0,32.3,12.2,Winter
2025-02-12,LOC_CENTRAL,21.0,14.4,27.7,0.0,40.9,13.3,Winter
2025-02-12,LOC_SOUTH,21.6,13.6,29.7,0.0,53.7,9.2,Winter
2025-02-13,LOC_NORTH,21.2,12.0,30.4,0.0,42.1,8.2,Winter
2025-02-13,LOC_CENTRAL,20.6,12.1,29.1,0.0,51.0,12.8,Winter
2025-02-13,LOC_SOUTH,21.2,12.0,30.4,0.0,45.6,9.8,Winter
2025-02-14,LOC_NORTH,20.6,12.7,28.5,0.0,40.3,11.6,Winter
2025-02-14,LOC_CENTRAL,21.2,13.1,29.3,0.0,31.9,6.6,Winter
2025-02-14,LOC_SOUTH,21.2,14.9,27.5,0.0,30.1,6.8,Winter
2025-02-15,LOC_NORTH,21.4,14.3,28.4,0.0,54.1,12.3,Winter
2025-02-15,LOC_CENTRAL,21.5,13.3,29.6,0.0,32.2,13.7,Winter
2025-02-15,LOC_SOUTH,21.8,13.7,29.8,0.0,49.0,11.8,Winter
2025-02-16,LOC_NORTH,22.2,14.9,29.4,0.0,52.6,11.2,Winter
2025-02-16,LOC_CENTRAL,20.6,11.7,29.6,0.0,46.7,6.4,Winter
2025-02-16,LOC_SOUTH,22.2,15.0,29.3,0.0,43.9,9.8,Winter
2025-02-17,LOC_NORTH,20.2,11.9,28.4,0.0,48.3,7.5,Winter
2025-02-17,LOC_CENTRAL,20.4,13.0,27.8,0.0,49.9,12.0,Winter
2025-02-17,LOC_SOUTH,20.4,13.1,27.7,0.0,43.1,11.2,Winter
2025-02-18,LOC_NORTH,21.2,12.8,29.5,0.0,44.0,9.8,Winter
2025-02-18,LOC_CENTRAL,21.8,13.4,30.2,0.0,41.0,9.2,Winter
2025-02-18,LOC_SOUTH,21.8,14.3,29.2,0.0,43.5,11.3,Winter
2025-02-19,LOC_NORTH,21.5,13.3,29.7,0.0,40.7,13.0,Winter
2025-02-19,LOC_CENTRAL,21.0,13.1,28.8,0.0,54.8,6.0,Winter
2025-02-19,LOC_SOUTH,20.5,12.8,28.1,0.0,53.3,6.6,Winter
2025-02-20,LOC_NORTH,19.6,11.7,27.5,0.0,32.2,6.3,Winter
2025-02-20,LOC_CENTRAL,21.2,13.5,28.9,0.0,36.8,9.2,Winter
2025-02-20,LOC_SOUTH,20.2,12.7,27.8,0.0,43.1,11.9,Winter
2025-02-21,LOC_NORTH,20.3,13.1,27.5,0.0,37.4,12.8,Winter
2025-02-21,LOC_CENTRAL,21.6,13.6,29.6,0.0,36.9,13.3,Winter
2025-02-21,LOC_SOUTH,19.8,11.9,27.6,0.0,39.8,7.0,Winter
2025-02-22,LOC_NORTH,22.4,14.3,30.4,0.0,36.5,10.7,Winter
2025-02-22,LOC_CENTRAL,22.5,14.6,30.4,0.0,45.0,13.2,Winter
2025-02-22,LOC_SOUTH,22.3,14.1,30.5,0.0,31.6,9.2,Winter
2025-02-23,LOC_NORTH,21.2,12.3,30.0,0.0,50.8,7.0,Winter
2025-02-23,LOC_CENTRAL,20.2,12.8,27.6,0.0,30.9,13.7,Winter
2025-02-23,LOC_SOUTH,22.2,14.3,30.0,0.0,45.7,7.7,Winter
2025-02-24,LOC_NORTH,21.4,13.6,29.1,0.0,43.1,8.1,Winter
2025-02-24,LOC_CENTRAL,21.1,13.2,29.0,0.0,54.9,13.2,Winter
2025-02-24,LOC_SOUTH,21.3,13.7,28.9,0.0,48.7,6.3,Winter
2025-02-25,LOC_NORTH,22.4,14.5,30.2,0.0,41.4,9.1,Winter
2025-02-25,LOC_CENTRAL,20.8,13.2,28.3,0.0,31.1,12.8,Winter
2025-02-25,LOC_SOUTH,20.2,12.7,27.6,0.0,53.3,11.9,Winter
2025-02-26,LOC_NORTH,20.4,12.4,28.3,0.0,30.1,11.6,Winter
2025-02-26,LOC_CENTRAL,20.5,13.4,27.6,0.0,54.1,6.9,Winter
2025-02-26,LOC_SOUTH,22.6,15.0,30.2,0.0,31.5,13.1,Winter
2025-02-27,LOC_NORTH,21.8,14.7,29.0,0.0,44.3,11.3,Winter
2025-02-27,LOC_CENTRAL,21.8,14.5,29.1,0.0,48.3,10.2,Winter
2025-02-27,LOC_SOUTH,21.2,12.4,30.1,0.0,33.9,7.3,Winter
2025-02-28,LOC_NORTH,20.4,12.3,28.5,0.0,53.3,6.8,Winter
2025-02-28,LOC_CENTRAL,20.9,12.2,29.6,0.0,52.0,13.7,Winter
2025-02-28,LOC_SOUTH,21.8,14.6,28.9,0.0,30.1,12.6,Winter
2025-03-01,LOC_NORTH,33.1,26.2,40.0,3.2,37.1,15.1,Summer
2025-03-01,LOC_CENTRAL,32.2,23.8,40.7,0.0,33.2,13.4,Summer
2025-03-01,LOC_SOUTH,32.8,23.5,42.1,0.0,24.6,15.4,Summer
2025-03-02,LOC_NORTH,32.0,24.8,39.1,0.0,29.8,14.2,Summer
2025-03-02,LOC_CENTRAL,34.6,25.9,43.2,0.0,37.4,23.4,Summer
2025-03-02,LOC_SOUTH,33.4,25.8,41.1,0.0,31.5,12.7,Summer
2025-03-03,LOC_NORTH,32.7,26.1,39.3,0.0,35.5,17.4,Summer
2025-03-03,LOC_CENTRAL,34.0,25.3,42.7,0.0,23.3,21.9,Summer
2025-03-03,LOC_SOUTH,34.0,26.0,42.1,0.0,22.0,13.9,Summer
2025-03-04,LOC_NORTH,33.7,26.3,41.1,0.0,39.1,18.3,Summer
2025-03-04,LOC_CENTRAL,34.0,24.4,43.5,0.0,37.5,14.8,Summer
2025-03-04,LOC_SOUTH,33.6,26.1,41.0,0.0,22.6,20.8,Summer
2025-03-05,LOC_NORTH,34.6,26.1,43.1,0.0,37.2,17.3,Summer
2025-03-05,LOC_CENTRAL,32.8,24.5,41.2,0.0,36.9,14.4,Summer
2025-03-05,LOC_SOUTH,35.0,25.6,44.3,0.0,31.4,18.5,Summer
2025-03-06,LOC_NORTH,31.9,24.1,39.7,0.0,25.1,17.4,Summer
2025-03-06,LOC_CENTRAL,32.9,23.6,42.2,0.0,27.9,22.9,Summer
2025-03-06,LOC_SOUTH,34.4,24.1,44.8,0.0,22.0,19.2,Summer
2025-03-07,LOC_NORTH,33.0,24.2,41.7,0.0,26.5,13.9,Summer
2025-03-07,LOC_CENTRAL,33.6,24.5,42.7,0.0,30.7,23.8,Summer
2025-03-07,LOC_SOUTH,33.0,24.9,41.1,0.0,29.9,23.7,Summer
2025-03-08,LOC_NORTH,33.8,25.5,42.2,0.0,41.1,22.9,Summer
2025-03-08,LOC_CENTRAL,34.4,25.7,43.1,0.0,24.1,18.9,Summer
2025-03-08,LOC_SOUTH,32.7,24.9,40.5,0.0,28.9,21.3,Summer
2025-03-09,LOC_NORTH,33.4,23.7,43.2,0.0,39.7,13.0,Summer
2025-03-09,LOC_CENTRAL,34.0,24.6,43.5,0.0,41.5,14.4,Summer
2025-03-09,LOC_SOUTH,34.8,26.0,43.5,4.4,41.0,13.5,Summer
2025-03-10,LOC_NORTH,34.2,25.3,43.0,0.0,34.3,15.6,Summer
2025-03-10,LOC_CENTRAL,35.2,26.3,44.0,0.0,37.7,19.3,Summer
2025-03-10,LOC_SOUTH,34.0,25.5,42.6,0.0,33.9,21.4,Summer
2025-03-11,LOC_NORTH,32.4,23.6,41.2,0.0,30.8,20.7,Summer
2025-03-11,LOC_CENTRAL,34.0,25.5,42.5,0.0,34.3,15.9,Summer
2025-03-11,LOC_SOUTH,34.1,25.7,42.5,0.0,30.7,12.5,Summer
2025-03-12,LOC_NORTH,31.6,23.6,39.7,0.0,28.6,18.5,Summer
2025-03-12,LOC_CENTRAL,32.8,23.7,42.0,0.0,26.4,17.0,Summer
2025-03-12,LOC_SOUTH,33.6,26.0,41.3,0.0,41.2,17.0,Summer
2025-03-13,LOC_NORTH,34.1,25.4,42.8,0.0,37.4,18.1,Summer
2025-03-13,LOC_CENTRAL,33.6,25.0,42.2,0.0,22.6,16.7,Summer
2025-03-13,LOC_SOUTH,34.2,25.3,43.1,0.0,35.1,23.9,Summer
2025-03-14,LOC_NORTH,32.4,24.6,40.3,0.0,31.3,22.0,Summer
2025-03-14,LOC_CENTRAL,33.4,25.8,40.9,0.0,34.0,19.6,Summer
2025-03-14,LOC_SOUTH,33.6,25.0,42.1,0.0,23.4,17.2,Summer
2025-03-15,LOC_NORTH,32.0,24.7,39.4,0.0,33.6,20.0,Summer
2025-03-15,LOC_CENTRAL,32.8,25.5,40.2,0.0,30.0,22.3,Summer
2025-03-15,LOC_SOUTH,32.8,25.3,40.4,0.0,29.9,14.8,Summer
2025-03-16,LOC_NORTH,33.2,26.2,40.1,0.0,28.6,17.4,Summer
2025-03-16,LOC_CENTRAL,33.3,23.9,42.8,0.0,33.8,23.4,Summer
2025-03-16,LOC_SOUTH,33.0,24.6,41.5,0.0,34.1,16.3,Summer
2025-03-17,LOC_NORTH,33.6,25.8,41.4,0.0,30.9,22.4,Summer
2025-03-17,LOC_CENTRAL,33.7,25.1,42.3,17.3,24.5,14.8,Summer
2025-03-17,LOC_SOUTH,33.0,25.4,40.6,0.0,25.6,13.1,Summer
2025-03-18,LOC_NORTH,32.4,25.3,39.5,0.0,29.9,17.8,Summer
2025-03-18,LOC_CENTRAL,33.2,23.6,42.9,0.0,41.5,19.0,Summer
2025-03-18,LOC_SOUTH,33.3,25.1,41.5,0.0,32.6,13.5,Summer
2025-03-19,LOC_NORTH,31.8,23.9,39.6,0.0,36.7,13.9,Summer
2025-03-19,LOC_CENTRAL,33.2,25.7,40.6,0.0,26.7,23.6,Summer
2025-03-19,LOC_SOUTH,33.5,25.5,41.5,0.0,29.5,12.2,Summer
2025-03-20,LOC_NORTH,33.0,26.0,40.1,0.0,37.4,13.4,Summer
2025-03-20,LOC_CENTRAL,34.8,26.3,43.4,0.0,40.8,21.9,Summer
2025-03-20,LOC_SOUTH,34.3,25.2,43.4,0.0,25.2,19.3,Summer
2025-03-21,LOC_NORTH,33.2,26.1,40.4,0.0,37.0,13.1,Summer
2025-03-21,LOC_CENTRAL,32.4,23.8,41.1,0.0,37.3,23.1,Summer
2025-03-21,LOC_SOUTH,34.3,26.2,42.4,0.0,28.3,22.4,Summer
2025-03-22,LOC_NORTH,32.6,24.4,40.7,0.0,28.6,19.6,Summer
2025-03-22,LOC_CENTRAL,33.8,25.2,42.5,0.0,33.0,19.2,Summer
2025-03-22,LOC_SOUTH,33.8,24.8,42.9,3.5,25.4,19.7,Summer
2025-03-23,LOC_NORTH,33.7,25.0,42.4,0.0,41.0,22.2,Summer
2025-03-23,LOC_CENTRAL,34.9,25.9,43.9,0.0,25.0,18.3,Summer
2025-03-23,LOC_SOUTH,33.2,24.9,41.5,0.0,33.0,21.0,Summer
2025-03-24,LOC_NORTH,33.7,25.1,42.2,0.0,30.6,22.8,Summer
2025-03-24,LOC_CENTRAL,33.2,26.4,40.1,0.0,29.6,14.4,Summer
2025-03-24,LOC_SOUTH,33.4,24.1,42.6,0.0,34.3,18.3,Summer
2025-03-25,LOC_NORTH,34.2,26.3,42.0,0.0,33.6,13.1,Summer
2025-03-25,LOC_CENTRAL,33.8,24.7,43.0,0.0,38.5,18.3,Summer
2025-03-25,LOC_SOUTH,33.6,26.1,41.0,0.0,25.7,15.5,Summer
2025-03-26,LOC_NORTH,33.4,24.1,42.6,0.0,30.5,13.0,Summer
2025-03-26,LOC_CENTRAL,34.0,24.6,43.5,0.0,24.2,12.0,Summer
2025-03-26,LOC_SOUTH,34.2,25.0,43.3,0.0,37.9,19.8,Summer
2025-03-27,LOC_NORTH,32.2,24.6,39.8,0.0,37.4,18.7,Summer
2025-03-27,LOC_CENTRAL,32.7,24.4,41.0,0.0,39.0,20.1,Summer
2025-03-27,LOC_SOUTH,34.9,25.8,44.0,0.0,30.5,13.8,Summer
2025-03-28,LOC_NORTH,33.1,26.1,40.1,0.0,32.7,14.1,Summer
2025-03-28,LOC_CENTRAL,32.7,24.2,41.2,0.0,34.8,15.1,Summer
2025-03-28,LOC_SOUTH,33.4,23.7,43.2,0.0,27.5,19.2,Summer
2025-03-29,LOC_NORTH,33.4,24.8,42.0,0.0,36.5,12.2,Summer
2025-03-29,LOC_CENTRAL,33.6,26.0,41.3,0.0,28.7,22.9,Summer
2025-03-29,LOC_SOUTH,34.1,24.3,43.9,0.0,33.9,16.8,Summer
2025-03-30,LOC_NORTH,32.6,24.5,40.7,0.0,30.8,22.0,Summer
2025-03-30,LOC_CENTRAL,33.2,23.7,42.8,0.0,27.4,19.1,Summer
2025-03-30,LOC_SOUTH,33.8,24.2,43.5,0.0,25.8,12.6,Summer
2025-03-31,LOC_NORTH,32.7,24.6,40.7,0.0,30.9,16.0,Summer
2025-03-31,LOC_CENTRAL,33.1,23.8,42.4,0.0,34.7,21.1,Summer
2025-03-31,LOC_SOUTH,33.0,24.7,41.2,0.0,38.4,12.0,Summer
2025-04-01,LOC_NORTH,33.4,26.4,40.4,0.0,29.7,13.4,Summer
2025-04-01,LOC_CENTRAL,33.9,23.6,44.2,0.0,37.4,14.9,Summer
2025-04-01,LOC_SOUTH,33.6,23.8,43.4,0.0,37.8,22.4,Summer
2025-04-02,LOC_NORTH,33.4,25.0,41.7,0.0,23.3,13.4,Summer
2025-04-02,LOC_CENTRAL,32.6,24.5,40.8,0.0,28.9,14.9,Summer
2025-04-02,LOC_SOUTH,34.4,26.0,42.7,0.0,40.8,22.5,Summer
2025-04-03,LOC_NORTH,32.8,25.9,39.7,0.0,33.3,16.7,Summer
2025-04-03,LOC_CENTRAL,33.4,24.7,42.1,0.0,34.6,20.1,Summer
2025-04-03,LOC_SOUTH,34.2,25.7,42.8,0.0,26.2,21.8,Summer
2025-04-04,LOC_NORTH,32.0,23.6,40.5,0.0,26.5,23.5,Summer
2025-04-04,LOC_CENTRAL,34.4,26.3,42.4,0.0,31.6,15.8,Summer
2025-04-04,LOC_SOUTH,33.5,23.9,43.1,0.0,38.6,15.8,Summer
2025-04-05,LOC_NORTH,34.6,26.0,43.3,0.0,24.4,17.7,Summer
2025-04-05,LOC_CENTRAL,33.2,24.2,42.1,0.0,37.5,13.5,Summer
2025-04-05,LOC_SOUTH,34.7,26.3,43.1,0.0,27.6,22.2,Summer
2025-04-06,LOC_NORTH,31.3,23.6,39.0,0.0,29.3,16.6,Summer
2025-04-06,LOC_CENTRAL,33.2,24.1,42.3,0.0,31.7,21.1,Summer
2025-04-06,LOC_SOUTH,33.8,24.4,43.2,0.0,25.4,12.9,Summer
2025-04-07,LOC_NORTH,33.4,24.3,42.5,0.0,35.8,19.4,Summer
2025-04-07,LOC_CENTRAL,33.4,24.2,42.6,0.0,26.4,14.1,Summer
2025-04-07,LOC_SOUTH,34.7,26.0,43.4,0.0,37.8,16.9,Summer
2025-04-08,LOC_NORTH,33.2,24.6,41.9,0.0,31.6,14.1,Summer
2025-04-08,LOC_CENTRAL,34.0,26.4,41.5,0.0,24.7,17.0,Summer
2025-04-08,LOC_SOUTH,34.6,25.2,44.0,0.0,25.8,19.4,Summer
2025-04-09,LOC_NORTH,33.2,26.0,40.5,0.0,26.0,12.8,Summer
2025-04-09,LOC_CENTRAL,32.3,24.6,40.0,0.0,34.9,18.0,Summer
2025-04-09,LOC_SOUTH,32.8,23.9,41.6,0.0,39.3,14.9,Summer
2025-04-10,LOC_NORTH,33.9,25.9,41.9,0.0,39.2,16.7,Summer
2025-04-10,LOC_CENTRAL,34.0,23.9,44.1,0.0,35.2,23.3,Summer
2025-04-10,LOC_SOUTH,33.8,23.7,44.0,0.0,40.6,15.0,Summer
2025-04-11,LOC_NORTH,34.2,26.0,42.5,0.0,29.7,17.4,Summer
2025-04-11,LOC_CENTRAL,33.5,26.2,40.8,0.0,39.6,13.3,Summer
2025-04-11,LOC_SOUTH,34.8,24.8,44.8,0.2,36.9,19.9,Summer
2025-04-12,LOC_NORTH,33.2,23.8,42.6,2.8,29.8,17.5,Summer
2025-04-12,LOC_CENTRAL,35.3,26.4,44.3,0.0,37.7,16.3,Summer
2025-04-12,LOC_SOUTH,33.7,25.1,42.3,0.0,23.4,17.1,Summer
2025-04-13,LOC_NORTH,32.2,25.0,39.4,0.0,37.6,14.7,Summer
2025-04-13,LOC_CENTRAL,34.8,25.5,44.2,1.2,27.2,12.8,Summer
2025-04-13,LOC_SOUTH,34.8,24.9,44.7,0.0,28.4,13.5,Summer
2025-04-14,LOC_NORTH,32.4,23.8,41.1,0.0,40.4,18.2,Summer
2025-04-14,LOC_CENTRAL,33.3,24.0,42.6,0.5,34.0,13.1,Summer
2025-04-14,LOC_SOUTH,33.6,25.2,42.1,0.0,25.3,15.3,Summer
2025-04-15,LOC_NORTH,34.4,25.5,43.2,0.0,22.3,23.9,Summer
2025-04-15,LOC_CENTRAL,33.6,24.5,42.8,0.0,27.2,18.5,Summer
2025-04-15,LOC_SOUTH,33.8,24.2,43.3,0.0,37.0,18.7,Summer
2025-04-16,LOC_NORTH,31.8,23.7,39.8,0.0,37.1,15.2,Summer
2025-04-16,LOC_CENTRAL,34.0,25.7,42.2,0.0,35.7,13.1,Summer
2025-04-16,LOC_SOUTH,34.8,25.0,44.7,0.0,28.8,17.0,Summer
2025-04-17,LOC_NORTH,34.0,25.7,42.4,0.0,24.1,13.8,Summer
2025-04-17,LOC_CENTRAL,32.7,25.2,40.2,0.0,30.7,13.9,Summer
2025-04-17,LOC_SOUTH,34.4,25.9,42.9,0.0,39.6,15.3,Summer
2025-04-18,LOC_NORTH,33.0,26.1,39.9,0.0,28.2,20.9,Summer
2025-04-18,LOC_CENTRAL,34.4,25.3,43.5,0.0,29.5,18.5,Summer
2025-04-18,LOC_SOUTH,34.4,26.0,42.8,0.0,38.7,12.1,Summer
2025-04-19,LOC_NORTH,34.1,25.8,42.4,0.0,37.1,22.1,Summer
2025-04-19,LOC_CENTRAL,33.4,25.0,41.9,0.0,29.7,19.7,Summer
2025-04-19,LOC_SOUTH,34.0,24.2,43.9,0.0,35.3,12.0,Summer
2025-04-20,LOC_NORTH,31.7,23.6,39.8,0.0,25.6,16.7,Summer
2025-04-20,LOC_CENTRAL,33.8,26.1,41.6,0.0,36.5,13.2,Summer
2025-04-20,LOC_SOUTH,33.5,25.6,41.4,0.0,31.7,19.2,Summer
2025-04-21,LOC_NORTH,32.7,23.6,41.7,0.0,34.7,13.8,Summer
2025-04-21,LOC_CENTRAL,34.3,25.7,42.9,0.0,26.2,21.9,Summer
2025-04-21,LOC_SOUTH,33.7,24.6,42.7,0.0,36.7,14.8,Summer
2025-04-22,LOC_NORTH,32.2,23.7,40.7,0.0,37.3,20.8,Summer
2025-04-22,LOC_CENTRAL,32.6,24.0,41.1,0.0,31.9,14.1,Summer
2025-04-22,LOC_SOUTH,35.0,26.5,43.5,0.0,36.8,23.4,Summer
2025-04-23,LOC_NORTH,32.6,25.2,39.9,0.0,25.3,20.4,Summer
2025-04-23,LOC_CENTRAL,33.8,25.3,42.4,0.0,40.6,21.4,Summer
2025-04-23,LOC_SOUTH,33.4,26.1,40.7,0.0,29.5,17.5,Summer
2025-04-24,LOC_NORTH,33.0,24.8,41.2,0.0,36.1,19.6,Summer
2025-04-24,LOC_CENTRAL,33.1,26.2,40.0,0.0,37.6,12.1,Summer
2025-04-24,LOC_SOUTH,32.4,24.2,40.7,0.0,30.0,23.1,Summer
2025-04-25,LOC_NORTH,32.3,23.5,41.1,0.0,22.9,12.4,Summer
2025-04-25,LOC_CENTRAL,32.6,24.3,41.0,0.0,41.5,16.5,Summer
2025-04-25,LOC_SOUTH,34.2,26.0,42.3,0.0,25.1,22.2,Summer
2025-04-26,LOC_NORTH,32.3,25.4,39.2,0.0,28.9,15.8,Summer
2025-04-26,LOC_CENTRAL,33.6,23.8,43.3,0.0,36.6,18.6,Summer
2025-04-26,LOC_SOUTH,33.6,26.1,41.0,0.0,38.6,21.5,Summer
2025-04-27,LOC_NORTH,33.4,25.0,41.8,0.0,24.9,20.7,Summer
2025-04-27,LOC_CENTRAL,32.6,24.5,40.7,0.0,40.9,23.6,Summer
2025-04-27,LOC_SOUTH,32.4,23.6,41.2,0.0,30.4,13.1,Summer
2025-04-28,LOC_NORTH,33.6,25.1,42.1,0.0,26.5,16.8,Summer
2025-04-28,LOC_CENTRAL,34.0,25.9,42.2,0.0,34.3,14.7,Summer
2025-04-28,LOC_SOUTH,34.5,24.8,44.2,0.0,35.3,14.6,Summer
2025-04-29,LOC_NORTH,32.8,26.1,39.4,0.0,37.0,15.5,Summer
2025-04-29,LOC_CENTRAL,33.6,23.8,43.3,0.0,41.6,21.5,Summer
2025-04-29,LOC_SOUTH,33.6,24.5,42.6,0.0,32.9,21.1,Summer
2025-04-30,LOC_NORTH,33.0,23.6,42.4,0.0,35.2,13.9,Summer
2025-04-30,LOC_CENTRAL,33.6,26.3,40.9,0.0,37.0,18.7,Summer
2025-04-30,LOC_SOUTH,33.4,23.8,42.9,0.0,27.6,16.7,Summer
2025-05-01,LOC_NORTH,33.6,24.6,42.6,0.0,29.9,13.1,Summer
2025-05-01,LOC_CENTRAL,33.0,24.1,41.8,0.0,23.9,16.3,Summer
2025-05-01,LOC_SOUTH,34.0,24.3,43.8,0.0,34.9,14.4,Summer
2025-05-02,LOC_NORTH,34.0,25.1,43.0,0.0,33.2,14.0,Summer
2025-05-02,LOC_CENTRAL,33.6,24.6,42.6,0.0,25.4,18.1,Summer
2025-05-02,LOC_SOUTH,33.4,23.6,43.1,0.0,36.7,21.8,Summer
2025-05-03,LOC_NORTH,33.2,25.9,40.4,0.0,39.1,13.4,Summer
2025-05-03,LOC_CENTRAL,33.8,24.5,43.1,0.0,31.7,13.5,Summer
2025-05-03,LOC_SOUTH,34.1,24.5,43.7,0.0,41.6,19.9,Summer
2025-05-04,LOC_NORTH,32.6,25.6,39.6,0.0,22.6,21.9,Summer
2025-05-04,LOC_CENTRAL,32.7,24.6,40.7,0.0,28.7,15.6,Summer
2025-05-04,LOC_SOUTH,34.2,23.8,44.5,0.0,41.8,22.8,Summer
2025-05-05,LOC_NORTH,33.2,24.4,41.9,0.0,38.4,22.6,Summer
2025-05-05,LOC_CENTRAL,33.2,24.2,42.2,0.0,23.7,20.6,Summer
2025-05-05,LOC_SOUTH,34.2,26.2,42.3,0.0,25.8,19.4,Summer
2025-05-06,LOC_NORTH,33.1,25.2,41.0,0.0,38.1,22.1,Summer
2025-05-06,LOC_CENTRAL,32.2,23.6,40.9,0.0,24.1,15.8,Summer
2025-05-06,LOC_SOUTH,33.0,25.5,40.4,0.0,35.1,23.9,Summer
2025-05-07,LOC_NORTH,31.5,23.7,39.3,0.0,39.3,14.6,Summer
2025-05-07,LOC_CENTRAL,32.6,23.7,41.4,0.0,30.2,21.1,Summer
2025-05-07,LOC_SOUTH,34.4,24.2,44.5,0.0,23.2,22.8,Summer
2025-05-08,LOC_NORTH,34.0,26.1,41.9,0.7,29.8,16.6,Summer
2025-05-08,LOC_CENTRAL,32.7,24.6,40.8,0.0,30.3,21.6,Summer
2025-05-08,LOC_SOUTH,33.1,23.6,42.6,0.0,22.5,23.6,Summer
2025-05-09,LOC_NORTH,32.6,25.6,39.6,0.0,38.5,20.4,Summer
2025-05-09,LOC_CENTRAL,35.0,26.4,43.6,0.0,33.2,19.5,Summer
2025-05-09,LOC_SOUTH,34.1,25.4,42.8,0.0,26.4,13.4,Summer
2025-05-10,LOC_NORTH,31.8,24.3,39.3,3.3,27.7,21.9,Summer
2025-05-10,LOC_CENTRAL,32.2,24.2,40.1,0.0,34.0,12.8,Summer
2025-05-10,LOC_SOUTH,35.2,26.1,44.3,0.0,28.8,23.9,Summer
2025-05-11,LOC_NORTH,33.4,25.1,41.8,0.0,27.7,17.2,Summer
2025-05-11,LOC_CENTRAL,33.4,25.9,41.0,0.0,35.2,15.0,Summer
2025-05-11,LOC_SOUTH,33.2,25.0,41.4,0.0,32.5,12.4,Summer
2025-05-12,LOC_NORTH,33.3,23.7,42.9,0.0,22.5,20.3,Summer
2025-05-12,LOC_CENTRAL,33.2,26.2,40.2,0.0,24.8,16.1,Summer
2025-05-12,LOC_SOUTH,32.6,24.0,41.1,0.0,30.9,21.5,Summer
2025-05-13,LOC_NORTH,33.7,25.5,41.9,0.0,26.7,21.4,Summer
2025-05-13,LOC_CENTRAL,34.2,24.3,44.2,0.0,31.5,23.8,Summer
2025-05-13,LOC_SOUTH,33.2,24.7,41.6,0.0,22.1,12.5,Summer
2025-05-14,LOC_NORTH,34.0,26.2,41.7,0.0,31.4,17.4,Summer
2025-05-14,LOC_CENTRAL,33.6,25.4,41.9,0.0,30.9,17.7,Summer
2025-05-14,LOC_SOUTH,34.1,25.1,43.1,0.0,23.0,22.0,Summer
2025-05-15,LOC_NORTH,33.6,24.4,42.8,0.0,30.8,14.6,Summer
2025-05-15,LOC_CENTRAL,32.6,23.6,41.6,0.0,38.3,15.4,Summer
2025-05-15,LOC_SOUTH,34.6,25.1,44.1,0.0,33.5,12.4,Summer
2025-05-16,LOC_NORTH,32.8,23.6,42.0,0.0,40.6,14.0,Summer
2025-05-16,LOC_CENTRAL,33.6,25.7,41.6,0.0,35.4,15.1,Summer
2025-05-16,LOC_SOUTH,33.9,24.4,43.4,0.0,41.1,20.7,Summer
2025-05-17,LOC_NORTH,33.2,23.5,42.9,0.0,38.6,12.5,Summer
2025-05-17,LOC_CENTRAL,34.0,24.3,43.7,0.0,38.0,20.0,Summer
2025-05-17,LOC_SOUTH,33.0,25.3,40.8,0.0,40.0,16.9,Summer
2025-05-18,LOC_NORTH,33.0,25.7,40.4,0.0,34.9,19.8,Summer
2025-05-18,LOC_CENTRAL,34.6,25.3,43.8,0.0,24.8,13.4,Summer
2025-05-18,LOC_SOUTH,32.6,24.0,41.1,0.0,36.8,18.4,Summer
2025-05-19,LOC_NORTH,34.6,26.5,42.7,0.0,35.9,18.4,Summer
2025-05-19,LOC_CENTRAL,32.8,23.8,41.8,0.0,40.2,21.7,Summer
2025-05-19,LOC_SOUTH,33.2,24.9,41.4,0.0,23.3,16.6,Summer
2025-05-20,LOC_NORTH,33.8,24.7,42.8,0.0,32.9,22.3,Summer
2025-05-20,LOC_CENTRAL,33.4,24.2,42.5,0.0,31.0,19.0,Summer
2025-05-20,LOC_SOUTH,33.8,23.8,43.8,0.0,22.2,16.4,Summer
2025-05-21,LOC_NORTH,31.9,24.7,39.1,0.0,32.2,14.0,Summer
2025-05-21,LOC_CENTRAL,33.2,23.6,42.7,0.0,40.9,16.1,Summer
2025-05-21,LOC_SOUTH,33.7,24.6,42.7,2.0,37.8,19.2,Summer
2025-05-22,LOC_NORTH,32.8,26.0,39.5,0.0,38.8,19.0,Summer
2025-05-22,LOC_CENTRAL,33.0,23.8,42.3,0.0,41.4,14.7,Summer
2025-05-22,LOC_SOUTH,35.0,25.1,44.8,0.0,24.0,14.5,Summer
2025-05-23,LOC_NORTH,34.0,24.7,43.2,0.0,28.3,13.8,Summer
2025-05-23,LOC_CENTRAL,33.0,23.9,42.0,0.0,29.4,16.5,Summer
2025-05-23,LOC_SOUTH,33.6,24.8,42.5,0.0,32.9,13.1,Summer
2025-05-24,LOC_NORTH,32.8,24.0,41.7,14.1,37.5,23.8,Summer
2025-05-24,LOC_CENTRAL,33.6,25.1,42.0,0.0,26.9,22.1,Summer
2025-05-24,LOC_SOUTH,34.0,26.0,42.0,0.0,25.5,18.1,Summer
2025-05-25,LOC_NORTH,33.1,24.2,42.0,0.0,32.9,14.0,Summer
2025-05-25,LOC_CENTRAL,34.4,26.5,42.4,0.0,38.3,14.5,Summer
2025-05-25,LOC_SOUTH,34.8,25.7,43.9,0.0,28.5,21.5,Summer
2025-05-26,LOC_NORTH,33.4,25.7,41.1,0.0,39.1,20.5,Summer
2025-05-26,LOC_CENTRAL,33.9,23.9,43.9,0.0,34.0,16.2,Summer
2025-05-26,LOC_SOUTH,33.0,23.6,42.5,0.0,33.0,12.7,Summer
2025-05-27,LOC_NORTH,33.5,24.9,42.1,14.0,41.0,18.2,Summer
2025-05-27,LOC_CENTRAL,33.0,25.8,40.2,0.0,28.0,17.9,Summer
2025-05-27,LOC_SOUTH,34.0,25.2,42.8,0.0,34.1,23.0,Summer
2025-05-28,LOC_NORTH,33.2,25.7,40.6,0.0,31.1,17.3,Summer
2025-05-28,LOC_CENTRAL,33.9,25.3,42.5,0.0,31.5,24.0,Summer
2025-05-28,LOC_SOUTH,32.1,23.5,40.7,0.0,28.0,14.9,Summer
2025-05-29,LOC_NORTH,32.4,24.3,40.4,14.2,26.4,20.8,Summer
2025-05-29,LOC_CENTRAL,34.8,26.3,43.2,8.2,32.5,19.6,Summer
2025-05-29,LOC_SOUTH,34.6,26.0,43.3,0.0,36.7,18.3,Summer
2025-05-30,LOC_NORTH,34.6,26.5,42.6,0.0,41.9,13.1,Summer
2025-05-30,LOC_CENTRAL,31.7,23.6,39.8,0.0,34.7,12.8,Summer
2025-05-30,LOC_SOUTH,33.4,26.3,40.4,0.0,38.2,22.6,Summer
2025-05-31,LOC_NORTH,33.0,23.8,42.2,0.0,36.5,15.4,Summer
2025-05-31,LOC_CENTRAL,33.2,23.6,42.9,0.0,33.0,19.6,Summer
2025-05-31,LOC_SOUTH,34.3,25.6,43.0,0.4,39.4,20.2,Summer
2025-06-01,LOC_NORTH,25.5,22.5,28.5,11.7,73.5,25.7,Monsoon
2025-06-01,LOC_CENTRAL,26.0,20.6,31.5,0.0,79.6,19.4,Monsoon
2025-06-01,LOC_SOUTH,25.4,20.8,30.0,15.8,90.2,23.2,Monsoon
2025-06-02,LOC_NORTH,24.5,20.1,28.9,9.7,88.2,17.8,Monsoon
2025-06-02,LOC_CENTRAL,27.2,22.6,31.7,31.0,83.3,24.6,Monsoon
2025-06-02,LOC_SOUTH,26.4,21.4,31.5,6.5,77.0,23.4,Monsoon
2025-06-03,LOC_NORTH,25.6,22.8,28.5,0.0,79.6,17.4,Monsoon
2025-06-03,LOC_CENTRAL,27.4,22.5,32.3,0.0,76.5,21.0,Monsoon
2025-06-03,LOC_SOUTH,25.2,20.6,29.8,0.0,87.2,23.9,Monsoon
2025-06-04,LOC_NORTH,26.6,21.7,31.6,7.5,92.6,16.2,Monsoon
2025-06-04,LOC_CENTRAL,27.5,22.5,32.5,15.0,90.8,23.6,Monsoon
2025-06-04,LOC_SOUTH,27.9,22.8,33.0,8.5,92.5,25.1,Monsoon
2025-06-05,LOC_NORTH,24.3,20.1,28.5,47.9,90.3,25.1,Monsoon
2025-06-05,LOC_CENTRAL,25.1,20.8,29.4,0.0,74.4,19.2,Monsoon
2025-06-05,LOC_SOUTH,26.0,22.0,29.9,0.0,76.5,22.1,Monsoon
2025-06-06,LOC_NORTH,26.8,23.0,30.5,12.4,79.2,28.0,Monsoon
2025-06-06,LOC_CENTRAL,25.5,20.3,30.7,0.0,88.5,15.0,Monsoon
2025-06-06,LOC_SOUTH,26.7,20.6,32.8,9.7,87.3,20.6,Monsoon
2025-06-07,LOC_NORTH,26.8,22.2,31.5,0.0,89.1,26.3,Monsoon
2025-06-07,LOC_CENTRAL,25.0,21.2,28.9,0.0,73.0,26.1,Monsoon
2025-06-07,LOC_SOUTH,26.8,20.2,33.3,0.0,81.2,23.7,Monsoon
2025-06-08,LOC_NORTH,24.2,20.1,28.3,0.0,89.8,26.7,Monsoon
2025-06-08,LOC_CENTRAL,25.6,20.3,31.0,0.0,75.8,28.7,Monsoon
2025-06-08,LOC_SOUTH,27.4,22.1,32.8,0.0,70.8,26.0,Monsoon
2025-06-09,LOC_NORTH,26.0,22.7,29.3,23.2,91.1,15.6,Monsoon
2025-06-09,LOC_CENTRAL,26.4,22.3,30.4,5.6,75.3,17.0,Monsoon
2025-06-09,LOC_SOUTH,27.2,21.7,32.8,8.7,78.8,17.7,Monsoon
2025-06-10,LOC_NORTH,25.4,21.0,29.7,24.2,75.4,24.6,Monsoon
2025-06-10,LOC_CENTRAL,26.4,21.7,31.1,0.0,83.2,28.2,Monsoon
2025-06-10,LOC_SOUTH,26.8,21.6,32.1,0.0,84.5,19.4,Monsoon
2025-06-11,LOC_NORTH,24.6,20.5,28.8,0.0,87.0,29.1,Monsoon
2025-06-11,LOC_CENTRAL,26.3,21.4,31.2,20.0,84.0,29.9,Monsoon
2025-06-11,LOC_SOUTH,26.0,21.6,30.4,0.0,85.5,23.4,Monsoon
2025-06-12,LOC_NORTH,25.8,20.6,31.1,0.0,84.9,28.4,Monsoon
2025-06-12,LOC_CENTRAL,26.6,20.9,32.2,72.0,82.7,28.6,Monsoon
2025-06-12,LOC_SOUTH,26.0,21.9,30.1,0.0,92.7,20.1,Monsoon
2025-06-13,LOC_NORTH,26.2,21.6,30.9,21.1,86.6,29.0,Monsoon
2025-06-13,LOC_CENTRAL,25.8,20.7,30.8,9.7,77.2,26.4,Monsoon
2025-06-13,LOC_SOUTH,26.8,22.8,30.8,0.0,84.9,28.9,Monsoon
2025-06-14,LOC_NORTH,26.3,21.6,31.0,11.0,83.5,28.0,Monsoon
2025-06-14,LOC_CENTRAL,26.7,22.7,30.7,0.0,73.3,29.9,Monsoon
2025-06-14,LOC_SOUTH,26.4,21.2,31.5,0.0,72.6,24.5,Monsoon
2025-06-15,LOC_NORTH,25.6,21.2,30.0,0.0,82.5,18.3,Monsoon
2025-06-15,LOC_CENTRAL,26.7,22.8,30.6,4.3,70.3,15.2,Monsoon
2025-06-15,LOC_SOUTH,27.4,22.2,32.7,21.6,79.5,29.3,Monsoon
2025-06-16,LOC_NORTH,26.6,21.2,31.9,0.0,88.6,19.6,Monsoon
2025-06-16,LOC_CENTRAL,25.5,21.4,29.7,0.0,93.0,26.5,Monsoon
2025-06-16,LOC_SOUTH,27.3,21.8,32.8,0.0,88.8,20.7,Monsoon
2025-06-17,LOC_NORTH,26.3,22.4,30.2,29.7,74.3,22.7,Monsoon
2025-06-17,LOC_CENTRAL,26.4,20.8,32.0,9.3,91.5,15.0,Monsoon
2025-06-17,LOC_SOUTH,26.8,20.5,33.0,0.0,92.9,22.4,Monsoon
2025-06-18,LOC_NORTH,25.8,21.4,30.1,0.0,72.2,15.5,Monsoon
2025-06-18,LOC_CENTRAL,25.2,21.3,29.0,17.5,93.8,20.8,Monsoon
2025-06-18,LOC_SOUTH,26.4,21.2,31.7,0.0,91.7,28.2,Monsoon
2025-06-19,LOC_NORTH,26.0,20.1,31.9,0.0,88.0,18.4,Monsoon
2025-06-19,LOC_CENTRAL,26.5,20.4,32.6,0.0,75.4,21.5,Monsoon
2025-06-19,LOC_SOUTH,27.0,21.7,32.3,7.1,90.2,17.2,Monsoon
2025-06-20,LOC_NORTH,26.2,22.7,29.7,0.0,79.6,26.4,Monsoon
2025-06-20,LOC_CENTRAL,27.4,22.7,32.1,4.1,76.1,19.4,Monsoon
2025-06-20,LOC_SOUTH,26.0,20.1,31.8,0.0,78.7,19.4,Monsoon
2025-06-21,LOC_NORTH,26.4,21.4,31.5,31.6,71.1,25.9,Monsoon
2025-06-21,LOC_CENTRAL,26.5,21.1,31.9,0.0,82.4,21.9,Monsoon
2025-06-21,LOC_SOUTH,25.2,20.9,29.6,0.0,79.4,23.2,Monsoon
2025-06-22,LOC_NORTH,26.0,21.8,30.1,8.1,87.4,18.0,Monsoon
2025-06-22,LOC_CENTRAL,24.8,20.0,29.6,38.6,71.2,17.9,Monsoon
2025-06-22,LOC_SOUTH,26.4,22.2,30.6,0.0,80.0,26.4,Monsoon
2025-06-23,LOC_NORTH,26.6,22.7,30.4,0.0,76.1,19.1,Monsoon
2025-06-23,LOC_CENTRAL,25.2,21.0,29.3,0.0,79.7,18.3,Monsoon
2025-06-23,LOC_SOUTH,27.0,21.6,32.4,8.6,79.9,26.3,Monsoon
2025-06-24,LOC_NORTH,24.5,20.8,28.1,5.6,85.1,22.2,Monsoon
2025-06-24,LOC_CENTRAL,26.5,22.8,30.2,0.0,73.1,23.4,Monsoon
2025-06-24,LOC_SOUTH,27.3,22.1,32.5,64.6,80.8,17.4,Monsoon
2025-06-25,LOC_NORTH,24.5,20.3,28.7,0.0,72.9,16.9,Monsoon
2025-06-25,LOC_CENTRAL,26.6,21.0,32.2,1.0,73.4,18.2,Monsoon
2025-06-25,LOC_SOUTH,26.3,20.5,32.1,26.0,86.1,21.5,Monsoon
2025-06-26,LOC_NORTH,25.5,20.9,30.2,12.7,79.3,28.6,Monsoon
2025-06-26,LOC_CENTRAL,25.6,22.3,28.9,28.8,84.8,27.6,Monsoon
2025-06-26,LOC_SOUTH,25.8,21.7,29.8,22.0,82.8,23.1,Monsoon
2025-06-27,LOC_NORTH,25.3,20.9,29.7,2.3,93.1,25.7,Monsoon
2025-06-27,LOC_CENTRAL,26.6,20.7,32.6,0.0,89.4,25.2,Monsoon
2025-06-27,LOC_SOUTH,26.4,20.9,31.9,0.0,82.0,16.1,Monsoon
2025-06-28,LOC_NORTH,26.0,22.8,29.3,0.0,93.6,24.4,Monsoon
2025-06-28,LOC_CENTRAL,25.2,20.5,29.8,0.4,79.4,17.9,Monsoon
2025-06-28,LOC_SOUTH,26.9,22.8,31.0,37.9,84.5,18.7,Monsoon
2025-06-29,LOC_NORTH,24.8,20.3,29.4,20.4,71.7,18.1,Monsoon
2025-06-29,LOC_CENTRAL,26.6,22.9,30.3,0.0,87.6,16.7,Monsoon
2025-06-29,LOC_SOUTH,27.4,22.4,32.5,0.0,93.8,19.9,Monsoon
2025-06-30,LOC_NORTH,27.2,22.7,31.8,10.8,93.5,16.5,Monsoon
2025-06-30,LOC_CENTRAL,27.0,22.9,31.0,3.8,84.0,18.1,Monsoon
2025-06-30,LOC_SOUTH,25.8,20.2,31.5,0.0,82.4,26.1,Monsoon
2025-07-01,LOC_NORTH,26.0,21.6,30.5,0.0,73.5,23.9,Monsoon
2025-07-01,LOC_CENTRAL,26.2,22.8,29.5,10.1,86.7,21.9,Monsoon
2025-07-01,LOC_SOUTH,25.8,21.7,29.8,0.0,86.9,20.6,Monsoon
2025-07-02,LOC_NORTH,25.8,21.4,30.3,0.0,84.0,22.9,Monsoon
2025-07-02,LOC_CENTRAL,24.9,20.0,29.8,2.2,80.8,24.2,Monsoon
2025-07-02,LOC_SOUTH,26.6,22.8,30.3,26.6,85.0,20.6,Monsoon
2025-07-03,LOC_NORTH,25.0,21.9,28.2,49.6,83.0,29.1,Monsoon
2025-07-03,LOC_CENTRAL,26.0,22.2,29.7,0.0,87.7,18.2,Monsoon
2025-07-03,LOC_SOUTH,26.8,21.5,32.1,0.0,77.8,28.4,Monsoon
2025-07-04,LOC_NORTH,25.4,22.4,28.3,0.0,89.6,22.7,Monsoon
2025-07-04,LOC_CENTRAL,26.8,23.0,30.6,14.2,86.1,25.5,Monsoon
2025-07-04,LOC_SOUTH,26.1,22.0,30.2,0.0,71.2,28.7,Monsoon
2025-07-05,LOC_NORTH,24.6,21.1,28.1,1.4,91.9,20.3,Monsoon
2025-07-05,LOC_CENTRAL,25.6,20.6,30.5,16.3,78.9,20.0,Monsoon
2025-07-05,LOC_SOUTH,27.0,21.1,32.9,6.0,88.9,21.0,Monsoon
2025-07-06,LOC_NORTH,25.5,20.8,30.1,0.0,77.0,26.6,Monsoon
2025-07-06,LOC_CENTRAL,25.6,20.6,30.5,0.0,78.0,28.0,Monsoon
2025-07-06,LOC_SOUTH,27.8,22.6,33.1,27.9,79.9,28.1,Monsoon
2025-07-07,LOC_NORTH,26.6,22.5,30.6,13.8,73.5,26.8,Monsoon
2025-07-07,LOC_CENTRAL,26.0,21.5,30.5,0.0,84.4,18.0,Monsoon
2025-07-07,LOC_SOUTH,26.5,21.2,31.8,0.5,75.0,19.2,Monsoon
2025-07-08,LOC_NORTH,25.4,20.0,30.9,46.4,72.7,22.7,Monsoon
2025-07-08,LOC_CENTRAL,27.4,22.8,31.9,0.0,87.3,27.4,Monsoon
2025-07-08,LOC_SOUTH,26.8,22.4,31.2,46.5,80.6,23.3,Monsoon
2025-07-09,LOC_NORTH,25.6,22.2,29.0,37.1,89.9,18.2,Monsoon
2025-07-09,LOC_CENTRAL,27.2,22.4,32.0,0.0,79.0,19.1,Monsoon
2025-07-09,LOC_SOUTH,25.6,21.0,30.3,0.0,71.9,27.4,Monsoon
2025-07-10,LOC_NORTH,25.5,21.6,29.4,0.0,91.2,20.2,Monsoon
2025-07-10,LOC_CENTRAL,25.9,21.2,30.6,6.3,81.0,21.2,Monsoon
2025-07-10,LOC_SOUTH,26.8,21.2,32.3,10.1,87.8,27.9,Monsoon
2025-07-11,LOC_NORTH,26.2,22.4,30.1,14.0,78.3,21.2,Monsoon
2025-07-11,LOC_CENTRAL,27.2,22.6,31.7,18.1,84.0,16.8,Monsoon
2025-07-11,LOC_SOUTH,25.5,20.9,30.2,5.0,76.4,20.0,Monsoon
2025-07-12,LOC_NORTH,26.4,21.7,31.0,0.0,80.0,26.3,Monsoon
2025-07-12,LOC_CENTRAL,27.2,22.0,32.3,25.2,74.9,19.9,Monsoon
2025-07-12,LOC_SOUTH,26.6,21.7,31.6,52.2,86.7,22.4,Monsoon
2025-07-13,LOC_NORTH,26.5,21.3,31.7,0.0,82.3,16.7,Monsoon
2025-07-13,LOC_CENTRAL,27.0,22.0,31.9,0.0,92.8,26.6,Monsoon
2025-07-13,LOC_SOUTH,27.2,22.6,31.8,0.0,79.8,28.3,Monsoon
2025-07-14,LOC_NORTH,25.5,22.1,28.9,0.0,87.6,25.5,Monsoon
2025-07-14,LOC_CENTRAL,26.6,21.4,31.8,0.0,74.9,16.9,Monsoon
2025-07-14,LOC_SOUTH,26.0,21.6,30.5,30.9,79.7,22.3,Monsoon
2025-07-15,LOC_NORTH,24.6,21.2,28.1,0.0,70.4,19.2,Monsoon
2025-07-15,LOC_CENTRAL,24.8,20.1,29.6,3.6,87.8,27.7,Monsoon
2025-07-15,LOC_SOUTH,27.2,22.9,31.6,13.0,93.7,18.5,Monsoon
2025-07-16,LOC_NORTH,26.0,20.1,31.8,1.3,87.5,24.1,Monsoon
2025-07-16,LOC_CENTRAL,26.4,21.1,31.6,0.8,78.4,28.9,Monsoon
2025-07-16,LOC_SOUTH,26.7,22.5,30.9,0.0,79.0,24.5,Monsoon
2025-07-17,LOC_NORTH,24.4,20.3,28.4,15.7,80.2,23.2,Monsoon
2025-07-17,LOC_CENTRAL,26.0,21.1,30.9,0.0,88.2,15.2,Monsoon
2025-07-17,LOC_SOUTH,26.2,22.1,30.2,19.6,78.3,20.9,Monsoon
2025-07-18,LOC_NORTH,24.7,20.8,28.6,0.0,80.4,26.6,Monsoon
2025-07-18,LOC_CENTRAL,26.9,21.6,32.2,0.0,77.4,21.2,Monsoon
2025-07-18,LOC_SOUTH,26.8,21.2,32.3,3.7,84.4,27.9,Monsoon
2025-07-19,LOC_NORTH,26.8,22.2,31.5,0.0,83.4,23.8,Monsoon
2025-07-19,LOC_CENTRAL,25.3,21.3,29.3,57.3,80.3,23.2,Monsoon
2025-07-19,LOC_SOUTH,26.7,21.9,31.5,0.0,75.4,22.9,Monsoon
2025-07-20,LOC_NORTH,26.4,21.4,31.3,19.1,89.8,15.9,Monsoon
2025-07-20,LOC_CENTRAL,27.2,22.5,31.9,73.7,88.9,26.6,Monsoon
2025-07-20,LOC_SOUTH,26.4,20.5,32.4,11.2,76.3,21.2,Monsoon
2025-07-21,LOC_NORTH,27.0,22.5,31.6,0.0,90.6,26.8,Monsoon
2025-07-21,LOC_CENTRAL,25.6,20.6,30.5,24.0,80.5,25.0,Monsoon
2025-07-21,LOC_SOUTH,26.0,22.2,29.8,0.0,87.0,29.5,Monsoon
2025-07-22,LOC_NORTH,27.0,22.7,31.3,0.0,89.2,25.1,Monsoon
2025-07-22,LOC_CENTRAL,25.1,21.4,28.8,6.5,77.6,29.4,Monsoon
2025-07-22,LOC_SOUTH,27.8,22.5,33.0,0.2,71.9,19.7,Monsoon
2025-07-23,LOC_NORTH,24.1,20.1,28.1,0.0,86.9,19.6,Monsoon
2025-07-23,LOC_CENTRAL,25.4,21.5,29.3,50.2,80.0,21.0,Monsoon
2025-07-23,LOC_SOUTH,25.6,20.2,31.0,0.0,87.6,25.1,Monsoon
2025-07-24,LOC_NORTH,25.2,21.7,28.6,36.5,79.1,20.6,Monsoon
2025-07-24,LOC_CENTRAL,26.6,21.9,31.3,10.5,81.9,27.9,Monsoon
2025-07-24,LOC_SOUTH,27.0,22.8,31.2,53.6,90.0,20.4,Monsoon
2025-07-25,LOC_NORTH,25.9,20.3,31.5,0.0,85.2,15.8,Monsoon
2025-07-25,LOC_CENTRAL,27.2,22.9,31.4,14.6,87.9,27.2,Monsoon
2025-07-25,LOC_SOUTH,25.8,20.6,31.1,15.6,80.9,29.2,Monsoon
2025-07-26,LOC_NORTH,25.2,22.1,28.2,3.4,80.9,21.8,Monsoon
2025-07-26,LOC_CENTRAL,27.1,22.7,31.5,0.0,92.9,28.2,Monsoon
2025-07-26,LOC_SOUTH,27.1,22.5,31.7,0.0,71.9,26.1,Monsoon
2025-07-27,LOC_NORTH,25.1,21.8,28.4,0.0,71.6,18.5,Monsoon
2025-07-27,LOC_CENTRAL,27.2,21.8,32.5,21.1,84.3,22.5,Monsoon
2025-07-27,LOC_SOUTH,27.7,22.1,33.3,29.0,91.2,16.9,Monsoon
2025-07-28,LOC_NORTH,24.7,20.6,28.8,0.0,84.5,24.3,Monsoon
2025-07-28,LOC_CENTRAL,27.4,22.3,32.6,7.7,80.4,20.9,Monsoon
2025-07-28,LOC_SOUTH,27.4,22.7,32.1,14.4,88.9,21.2,Monsoon
2025-07-29,LOC_NORTH,25.0,21.4,28.7,51.4,71.8,21.6,Monsoon
2025-07-29,LOC_CENTRAL,27.0,23.0,30.9,2.2,70.2,17.3,Monsoon
2025-07-29,LOC_SOUTH,26.0,21.9,30.2,0.4,89.8,20.5,Monsoon
2025-07-30,LOC_NORTH,25.2,20.9,29.4,0.0,74.1,28.5,Monsoon
2025-07-30,LOC_CENTRAL,26.0,20.2,31.9,0.0,76.5,16.5,Monsoon
2025-07-30,LOC_SOUTH,27.4,22.1,32.7,0.0,73.7,22.2,Monsoon
2025-07-31,LOC_NORTH,26.0,20.9,31.1,0.1,74.2,28.1,Monsoon
2025-07-31,LOC_CENTRAL,26.8,23.0,30.6,22.6,76.8,20.5,Monsoon
2025-07-31,LOC_SOUTH,25.6,21.0,30.2,86.4,85.9,18.0,Monsoon
2025-08-01,LOC_NORTH,24.3,20.4,28.2,26.1,92.6,15.2,Monsoon
2025-08-01,LOC_CENTRAL,26.2,21.4,30.9,0.0,83.4,25.3,Monsoon
2025-08-01,LOC_SOUTH,26.2,20.4,32.0,0.0,73.0,25.5,Monsoon
2025-08-02,LOC_NORTH,25.6,21.5,29.7,0.0,91.4,27.3,Monsoon
2025-08-02,LOC_CENTRAL,26.5,22.2,30.8,36.7,79.7,29.6,Monsoon
2025-08-02,LOC_SOUTH,27.6,22.2,33.1,2.5,90.5,17.5,Monsoon
2025-08-03,LOC_NORTH,26.4,21.5,31.4,42.0,84.5,23.6,Monsoon
2025-08-03,LOC_CENTRAL,26.0,21.1,31.0,0.0,76.1,29.1,Monsoon
2025-08-03,LOC_SOUTH,27.0,21.0,33.0,0.0,83.8,20.1,Monsoon
2025-08-04,LOC_NORTH,26.0,20.1,32.0,13.2,82.5,23.8,Monsoon
2025-08-04,LOC_CENTRAL,26.8,21.9,31.8,0.0,71.3,20.6,Monsoon
2025-08-04,LOC_SOUTH,25.6,20.8,30.3,4.0,77.1,18.6,Monsoon
2025-08-05,LOC_NORTH,27.3,22.8,31.8,0.0,92.2,26.8,Monsoon
2025-08-05,LOC_CENTRAL,25.6,20.0,31.2,0.0,86.9,24.2,Monsoon
2025-08-05,LOC_SOUTH,27.0,21.5,32.4,0.0,92.4,20.6,Monsoon
2025-08-06,LOC_NORTH,26.1,21.4,30.8,0.0,88.3,15.7,Monsoon
2025-08-06,LOC_CENTRAL,26.0,20.7,31.4,0.0,81.2,26.6,Monsoon
2025-08-06,LOC_SOUTH,25.9,21.9,29.9,34.5,92.3,29.9,Monsoon
2025-08-07,LOC_NORTH,26.8,22.3,31.2,7.4,81.2,26.6,Monsoon
2025-08-07,LOC_CENTRAL,26.6,20.6,32.5,0.0,86.7,24.2,Monsoon
2025-08-07,LOC_SOUTH,25.2,20.2,30.2,19.0,75.1,23.3,Monsoon
2025-08-08,LOC_NORTH,27.0,22.5,31.4,0.0,78.8,19.8,Monsoon
2025-08-08,LOC_CENTRAL,26.6,21.3,31.8,6.0,80.0,19.4,Monsoon
2025-08-08,LOC_SOUTH,25.8,20.9,30.7,18.2,84.3,24.8,Monsoon
2025-08-09,LOC_NORTH,24.8,20.9,28.8,0.0,84.4,22.6,Monsoon
2025-08-09,LOC_CENTRAL,26.4,22.7,30.2,10.9,86.3,23.1,Monsoon
2025-08-09,LOC_SOUTH,26.0,21.3,30.8,0.0,76.7,17.1,Monsoon
2025-08-10,LOC_NORTH,25.9,22.5,29.3,86.2,83.0,29.8,Monsoon
2025-08-10,LOC_CENTRAL,27.0,21.4,32.6,3.2,75.8,25.7,Monsoon
2025-08-10,LOC_SOUTH,25.8,21.0,30.5,44.0,74.5,15.1,Monsoon
2025-08-11,LOC_NORTH,25.4,22.7,28.2,0.0,76.6,17.7,Monsoon
2025-08-11,LOC_CENTRAL,25.2,20.3,30.0,0.0,88.8,21.9,Monsoon
2025-08-11,LOC_SOUTH,26.8,20.7,32.9,0.0,90.5,20.4,Monsoon
2025-08-12,LOC_NORTH,26.0,20.9,31.0,2.0,80.6,25.9,Monsoon
2025-08-12,LOC_CENTRAL,27.2,21.8,32.6,0.0,89.7,17.6,Monsoon
2025-08-12,LOC_SOUTH,25.8,20.4,31.3,0.0,92.8,17.1,Monsoon
2025-08-13,LOC_NORTH,26.4,21.9,30.9,8.9,78.5,15.7,Monsoon
2025-08-13,LOC_CENTRAL,24.8,20.0,29.7,2.0,91.0,22.8,Monsoon
2025-08-13,LOC_SOUTH,26.7,21.2,32.2,51.5,72.0,18.8,Monsoon
2025-08-14,LOC_NORTH,25.7,20.3,31.1,8.1,72.2,23.8,Monsoon
2025-08-14,LOC_CENTRAL,26.2,22.7,29.7,0.0,86.8,24.3,Monsoon
2025-08-14,LOC_SOUTH,26.8,20.7,32.9,0.0,88.9,26.2,Monsoon
2025-08-15,LOC_NORTH,25.4,20.7,30.2,28.4,70.8,26.7,Monsoon
2025-08-15,LOC_CENTRAL,25.1,20.4,29.8,0.5,82.6,18.3,Monsoon
2025-08-15,LOC_SOUTH,27.6,21.7,33.4,21.0,91.5,26.2,Monsoon
2025-08-16,LOC_NORTH,25.5,22.7,28.3,0.0,73.8,15.8,Monsoon
2025-08-16,LOC_CENTRAL,25.8,20.5,31.0,0.0,78.6,28.7,Monsoon
2025-08-16,LOC_SOUTH,26.1,20.5,31.7,15.5,88.3,26.7,Monsoon
2025-08-17,LOC_NORTH,24.8,20.6,29.1,20.5,71.8,21.3,Monsoon
2025-08-17,LOC_CENTRAL,27.0,22.8,31.2,5.2,85.7,24.3,Monsoon
2025-08-17,LOC_SOUTH,26.8,22.8,30.7,0.0,75.4,18.6,Monsoon
2025-08-18,LOC_NORTH,26.2,22.3,30.0,21.3,85.6,18.5,Monsoon
2025-08-18,LOC_CENTRAL,27.2,22.8,31.5,6.9,80.5,28.5,Monsoon
2025-08-18,LOC_SOUTH,27.2,21.3,33.2,0.0,82.8,23.1,Monsoon
2025-08-19,LOC_NORTH,24.9,20.7,29.1,14.6,70.7,28.6,Monsoon
2025-08-19,LOC_CENTRAL,25.0,20.7,29.4,22.3,72.3,19.8,Monsoon
2025-08-19,LOC_SOUTH,27.0,20.8,33.3,32.6,71.2,22.0,Monsoon
2025-08-20,LOC_NORTH,25.2,20.9,29.5,1.7,77.6,15.6,Monsoon
2025-08-20,LOC_CENTRAL,26.6,21.2,31.9,40.3,85.8,15.1,Monsoon
2025-08-20,LOC_SOUTH,27.0,20.7,33.2,26.3,82.0,21.5,Monsoon
2025-08-21,LOC_NORTH,25.3,21.6,29.0,41.7,75.2,28.3,Monsoon
2025-08-21,LOC_CENTRAL,26.8,22.5,31.0,0.0,86.7,19.9,Monsoon
2025-08-21,LOC_SOUTH,25.5,20.6,30.3,0.0,89.7,21.6,Monsoon
2025-08-22,LOC_NORTH,24.8,21.1,28.5,0.0,80.9,26.7,Monsoon
2025-08-22,LOC_CENTRAL,26.7,20.6,32.8,10.1,77.3,18.0,Monsoon
2025-08-22,LOC_SOUTH,26.2,22.7,29.7,12.4,92.0,26.6,Monsoon
2025-08-23,LOC_NORTH,25.1,21.7,28.5,28.7,87.4,25.4,Monsoon
2025-08-23,LOC_CENTRAL,26.3,22.4,30.2,3.1,78.1,16.2,Monsoon
2025-08-23,LOC_SOUTH,26.4,22.5,30.3,0.0,77.3,19.0,Monsoon
2025-08-24,LOC_NORTH,25.0,20.8,29.1,47.1,75.1,21.3,Monsoon
2025-08-24,LOC_CENTRAL,25.7,22.6,28.8,0.0,92.7,26.7,Monsoon
2025-08-24,LOC_SOUTH,25.7,20.7,30.7,0.0,78.7,23.5,Monsoon
2025-08-25,LOC_NORTH,24.1,20.2,28.0,15.0,88.0,17.0,Monsoon
2025-08-25,LOC_CENTRAL,25.8,20.6,30.9,9.5,73.9,18.3,Monsoon
2025-08-25,LOC_SOUTH,25.8,20.8,30.7,1.7,74.6,15.8,Monsoon
2025-08-26,LOC_NORTH,25.7,20.9,30.5,7.3,85.9,28.1,Monsoon
2025-08-26,LOC_CENTRAL,27.0,22.2,31.8,21.3,83.3,18.2,Monsoon
2025-08-26,LOC_SOUTH,25.5,20.9,30.2,0.0,83.1,26.0,Monsoon
2025-08-27,LOC_NORTH,25.3,21.2,29.4,3.4,89.9,23.8,Monsoon
2025-08-27,LOC_CENTRAL,26.3,22.4,30.2,67.2,78.3,20.1,Monsoon
2025-08-27,LOC_SOUTH,25.5,20.4,30.6,18.8,91.0,26.9,Monsoon
2025-08-28,LOC_NORTH,25.1,21.6,28.6,0.8,85.8,23.0,Monsoon
2025-08-28,LOC_CENTRAL,24.6,20.1,29.1,0.0,70.7,21.7,Monsoon
2025-08-28,LOC_SOUTH,25.9,20.4,31.4,7.8,88.3,22.6,Monsoon
2025-08-29,LOC_NORTH,26.8,23.0,30.6,0.0,80.4,21.7,Monsoon
2025-08-29,LOC_CENTRAL,26.6,22.0,31.3,18.6,70.6,21.4,Monsoon
2025-08-29,LOC_SOUTH,25.4,20.4,30.5,16.6,82.6,18.8,Monsoon
2025-08-30,LOC_NORTH,25.7,21.5,29.9,19.0,88.7,26.9,Monsoon
2025-08-30,LOC_CENTRAL,26.4,21.5,31.2,6.1,72.2,29.5,Monsoon
2025-08-30,LOC_SOUTH,25.2,20.5,29.9,0.0,92.7,26.5,Monsoon
2025-08-31,LOC_NORTH,24.0,20.0,28.0,2.8,70.4,22.0,Monsoon
2025-08-31,LOC_CENTRAL,26.8,21.0,32.6,0.0,85.7,18.8,Monsoon
2025-08-31,LOC_SOUTH,26.3,20.6,32.0,21.8,72.7,30.0,Monsoon
2025-09-01,LOC_NORTH,25.2,21.8,28.7,2.4,70.7,24.3,Monsoon
2025-09-01,LOC_CENTRAL,27.2,22.5,32.0,27.0,86.1,25.9,Monsoon
2025-09-01,LOC_SOUTH,26.6,21.9,31.4,0.0,79.5,27.1,Monsoon
2025-09-02,LOC_NORTH,25.4,20.5,30.4,8.1,83.1,27.6,Monsoon
2025-09-02,LOC_CENTRAL,25.8,22.4,29.3,0.0,73.6,27.8,Monsoon
2025-09-02,LOC_SOUTH,27.8,22.2,33.4,0.0,93.9,24.1,Monsoon
2025-09-03,LOC_NORTH,25.8,22.5,29.2,0.0,83.9,18.8,Monsoon
2025-09-03,LOC_CENTRAL,26.0,20.2,31.8,0.0,77.8,16.9,Monsoon
2025-09-03,LOC_SOUTH,25.6,20.1,31.2,0.0,91.7,27.6,Monsoon
2025-09-04,LOC_NORTH,24.4,20.4,28.5,0.0,92.2,21.9,Monsoon
2025-09-04,LOC_CENTRAL,25.9,21.0,30.8,0.0,85.5,19.3,Monsoon
2025-09-04,LOC_SOUTH,26.6,22.7,30.6,7.0,83.3,17.2,Monsoon
2025-09-05,LOC_NORTH,25.4,22.4,28.4,0.0,89.8,28.5,Monsoon
2025-09-05,LOC_CENTRAL,26.7,22.4,31.0,19.8,93.7,18.4,Monsoon
2025-09-05,LOC_SOUTH,26.2,21.4,31.0,1.5,89.9,29.7,Monsoon
2025-09-06,LOC_NORTH,25.0,20.3,29.6,39.9,81.1,19.8,Monsoon
2025-09-06,LOC_CENTRAL,25.8,21.0,30.7,35.3,84.2,25.4,Monsoon
2025-09-06,LOC_SOUTH,26.6,22.2,30.9,0.0,72.9,23.6,Monsoon
2025-09-07,LOC_NORTH,25.7,22.4,29.0,94.3,72.2,26.7,Monsoon
2025-09-07,LOC_CENTRAL,26.9,22.3,31.5,12.2,89.1,18.5,Monsoon
2025-09-07,LOC_SOUTH,26.0,21.7,30.3,6.0,77.2,19.2,Monsoon
2025-09-08,LOC_NORTH,26.6,22.0,31.1,0.0,93.4,22.1,Monsoon
2025-09-08,LOC_CENTRAL,24.6,20.1,29.1,48.5,82.6,19.1,Monsoon
2025-09-08,LOC_SOUTH,26.4,21.8,31.0,0.0,73.7,29.7,Monsoon
2025-09-09,LOC_NORTH,25.3,20.4,30.2,0.0,71.8,28.6,Monsoon
2025-09-09,LOC_CENTRAL,27.4,22.1,32.8,0.0,78.1,29.1,Monsoon
2025-09-09,LOC_SOUTH,26.8,22.2,31.5,0.0,93.4,27.5,Monsoon
2025-09-10,LOC_NORTH,26.0,22.9,29.2,0.0,92.3,25.1,Monsoon
2025-09-10,LOC_CENTRAL,25.6,21.1,30.0,28.1,77.6,23.7,Monsoon
2025-09-10,LOC_SOUTH,26.6,22.4,30.8,1.4,74.0,15.9,Monsoon
2025-09-11,LOC_NORTH,25.2,20.3,30.0,51.0,90.9,21.8,Monsoon
2025-09-11,LOC_CENTRAL,26.4,20.0,32.7,0.0,84.8,21.9,Monsoon
2025-09-11,LOC_SOUTH,26.2,21.4,31.0,23.6,73.2,18.0,Monsoon
2025-09-12,LOC_NORTH,24.8,20.8,28.7,2.1,90.8,19.5,Monsoon
2025-09-12,LOC_CENTRAL,25.8,22.0,29.5,17.4,86.8,18.2,Monsoon
2025-09-12,LOC_SOUTH,25.4,21.1,29.6,2.2,76.1,19.4,Monsoon
2025-09-13,LOC_NORTH,26.0,22.0,30.1,2.9,74.1,28.2,Monsoon
2025-09-13,LOC_CENTRAL,26.8,22.6,31.0,17.2,82.6,19.8,Monsoon
2025-09-13,LOC_SOUTH,26.4,21.5,31.3,6.8,89.0,28.7,Monsoon
2025-09-14,LOC_NORTH,25.2,20.9,29.4,20.4,77.8,29.8,Monsoon
2025-09-14,LOC_CENTRAL,25.6,21.2,30.1,0.0,89.2,22.0,Monsoon
2025-09-14,LOC_SOUTH,27.0,23.0,31.1,40.6,73.6,26.8,Monsoon
2025-09-15,LOC_NORTH,25.8,21.0,30.5,0.0,70.3,18.4,Monsoon
2025-09-15,LOC_CENTRAL,26.1,21.1,31.1,0.0,70.6,16.7,Monsoon
2025-09-15,LOC_SOUTH,25.2,20.6,29.9,25.1,91.7,27.5,Monsoon
2025-09-16,LOC_NORTH,25.0,21.3,28.8,5.5,82.1,16.0,Monsoon
2025-09-16,LOC_CENTRAL,26.2,22.8,29.7,10.6,70.3,18.7,Monsoon
2025-09-16,LOC_SOUTH,26.7,20.5,32.9,0.3,81.5,15.3,Monsoon
2025-09-17,LOC_NORTH,26.9,22.5,31.3,0.0,76.8,27.6,Monsoon
2025-09-17,LOC_CENTRAL,26.0,21.1,31.0,0.0,70.3,17.1,Monsoon
2025-09-17,LOC_SOUTH,26.6,20.7,32.4,8.8,90.5,29.3,Monsoon
2025-09-18,LOC_NORTH,26.2,20.8,31.5,11.6,70.2,15.4,Monsoon
2025-09-18,LOC_CENTRAL,26.3,21.6,31.0,0.0,74.8,18.9,Monsoon
2025-09-18,LOC_SOUTH,26.4,22.8,29.9,0.0,89.7,28.5,Monsoon
2025-09-19,LOC_NORTH,25.8,21.4,30.1,16.0,80.9,21.8,Monsoon
2025-09-19,LOC_CENTRAL,27.8,23.0,32.5,0.0,88.2,25.2,Monsoon
2025-09-19,LOC_SOUTH,25.2,20.2,30.1,0.0,87.5,15.7,Monsoon
2025-09-20,LOC_NORTH,26.0,20.3,31.7,20.1,74.1,15.8,Monsoon
2025-09-20,LOC_CENTRAL,26.2,22.3,30.1,19.1,83.9,15.3,Monsoon
2025-09-20,LOC_SOUTH,26.8,20.1,33.4,0.0,83.2,29.4,Monsoon
2025-09-21,LOC_NORTH,25.0,21.5,28.5,0.9,84.8,18.1,Monsoon
2025-09-21,LOC_CENTRAL,25.8,20.3,31.2,27.4,80.5,24.4,Monsoon
2025-09-21,LOC_SOUTH,27.2,22.5,32.0,20.9,93.1,26.0,Monsoon
2025-09-22,LOC_NORTH,26.0,21.9,30.0,0.0,84.7,15.3,Monsoon
2025-09-22,LOC_CENTRAL,26.0,22.4,29.6,23.7,78.9,22.8,Monsoon
2025-09-22,LOC_SOUTH,25.1,20.5,29.7,0.0,91.4,24.8,Monsoon
2025-09-23,LOC_NORTH,25.9,22.0,29.8,0.0,83.6,15.9,Monsoon
2025-09-23,LOC_CENTRAL,26.8,22.3,31.3,0.0,70.3,26.0,Monsoon
2025-09-23,LOC_SOUTH,26.5,21.3,31.7,9.5,78.5,19.5,Monsoon
2025-09-24,LOC_NORTH,26.5,22.1,30.9,50.2,78.4,18.7,Monsoon
2025-09-24,LOC_CENTRAL,26.0,20.6,31.4,4.6,71.7,27.4,Monsoon
2025-09-24,LOC_SOUTH,25.9,21.4,30.4,21.6,77.9,26.2,Monsoon
2025-09-25,LOC_NORTH,25.1,20.6,29.6,2.5,80.6,19.8,Monsoon
2025-09-25,LOC_CENTRAL,26.3,20.2,32.4,0.0,74.4,19.8,Monsoon
2025-09-25,LOC_SOUTH,26.9,22.7,31.1,1.7,77.6,16.6,Monsoon
2025-09-26,LOC_NORTH,25.1,21.7,28.5,0.6,87.1,20.4,Monsoon
2025-09-26,LOC_CENTRAL,25.0,20.8,29.3,0.0,76.6,22.4,Monsoon
2025-09-26,LOC_SOUTH,25.8,21.8,29.9,17.7,89.4,24.2,Monsoon
2025-09-27,LOC_NORTH,25.0,20.8,29.2,3.2,74.3,26.9,Monsoon
2025-09-27,LOC_CENTRAL,25.8,21.3,30.3,16.0,71.6,27.5,Monsoon
2025-09-27,LOC_SOUTH,26.2,22.2,30.1,0.0,87.2,23.7,Monsoon
2025-09-28,LOC_NORTH,24.6,21.1,28.1,0.0,79.3,28.0,Monsoon
2025-09-28,LOC_CENTRAL,25.4,20.9,30.0,7.3,83.4,25.6,Monsoon
2025-09-28,LOC_SOUTH,27.2,22.4,32.1,0.0,89.6,15.3,Monsoon
2025-09-29,LOC_NORTH,25.8,20.6,30.9,18.3,77.7,15.9,Monsoon
2025-09-29,LOC_CENTRAL,24.7,20.0,29.4,0.0,70.6,18.1,Monsoon
2025-09-29,LOC_SOUTH,26.1,21.1,31.1,0.0,71.0,22.7,Monsoon
2025-09-30,LOC_NORTH,26.8,22.8,30.7,0.0,89.3,16.3,Monsoon
2025-09-30,LOC_CENTRAL,25.7,21.1,30.3,0.0,73.6,17.3,Monsoon
2025-09-30,LOC_SOUTH,25.4,20.2,30.7,60.5,80.3,24.5,Monsoon
2025-10-01,LOC_NORTH,26.0,19.4,32.7,1.4,52.2,13.1,Post-Monsoon
2025-10-01,LOC_CENTRAL,25.1,18.5,31.7,0.0,66.2,14.5,Post-Monsoon
2025-10-01,LOC_SOUTH,26.8,20.5,33.0,0.0,62.6,9.1,Post-Monsoon
2025-10-02,LOC_NORTH,26.3,20.1,32.5,9.3,65.8,10.1,Post-Monsoon
2025-10-02,LOC_CENTRAL,25.8,18.7,32.9,0.0,56.2,12.4,Post-Monsoon
2025-10-02,LOC_SOUTH,27.0,20.7,33.3,0.0,51.3,15.3,Post-Monsoon
2025-10-03,LOC_NORTH,25.7,20.6,30.8,0.0,46.2,13.4,Post-Monsoon
2025-10-03,LOC_CENTRAL,25.2,19.1,31.2,0.0,46.5,9.4,Post-Monsoon
2025-10-03,LOC_SOUTH,25.0,19.6,30.5,6.9,50.4,15.5,Post-Monsoon
2025-10-04,LOC_NORTH,26.2,19.2,33.1,0.0,63.5,15.9,Post-Monsoon
2025-10-04,LOC_CENTRAL,25.5,18.7,32.3,0.0,59.4,13.1,Post-Monsoon
2025-10-04,LOC_SOUTH,26.0,20.6,31.4,0.0,50.0,8.7,Post-Monsoon
2025-10-05,LOC_NORTH,25.8,20.6,31.1,0.0,59.6,11.2,Post-Monsoon
2025-10-05,LOC_CENTRAL,25.8,19.3,32.2,0.0,63.2,15.8,Post-Monsoon
2025-10-05,LOC_SOUTH,27.0,20.8,33.3,0.0,55.8,13.6,Post-Monsoon
2025-10-06,LOC_NORTH,26.1,18.9,33.3,0.0,48.2,12.9,Post-Monsoon
2025-10-06,LOC_CENTRAL,25.4,19.3,31.4,2.6,64.8,9.9,Post-Monsoon
2025-10-06,LOC_SOUTH,26.4,20.1,32.6,0.0,48.0,15.8,Post-Monsoon
2025-10-07,LOC_NORTH,26.6,21.0,32.2,0.0,50.1,8.4,Post-Monsoon
2025-10-07,LOC_CENTRAL,25.6,19.8,31.3,0.0,48.9,11.7,Post-Monsoon
2025-10-07,LOC_SOUTH,24.7,18.8,30.6,0.0,46.5,11.2,Post-Monsoon
2025-10-08,LOC_NORTH,25.8,19.6,31.9,0.0,57.2,11.7,Post-Monsoon
2025-10-08,LOC_CENTRAL,26.1,20.5,31.7,0.0,64.6,13.4,Post-Monsoon
2025-10-08,LOC_SOUTH,25.0,19.2,30.9,16.0,60.2,14.0,Post-Monsoon
2025-10-09,LOC_NORTH,26.0,20.6,31.4,0.0,45.0,11.0,Post-Monsoon
2025-10-09,LOC_CENTRAL,26.0,19.7,32.2,0.0,47.4,12.4,Post-Monsoon
2025-10-09,LOC_SOUTH,25.6,19.2,32.0,0.0,62.3,13.9,Post-Monsoon
2025-10-10,LOC_NORTH,26.7,20.3,33.1,0.0,61.2,10.5,Post-Monsoon
2025-10-10,LOC_CENTRAL,25.0,18.7,31.2,0.0,61.4,9.9,Post-Monsoon
2025-10-10,LOC_SOUTH,26.8,20.8,32.7,1.6,62.3,10.2,Post-Monsoon
2025-10-11,LOC_NORTH,25.5,18.7,32.4,0.0,62.0,13.5,Post-Monsoon
2025-10-11,LOC_CENTRAL,26.8,20.7,32.9,0.0,60.4,8.3,Post-Monsoon
2025-10-11,LOC_SOUTH,25.4,18.6,32.1,0.0,52.4,12.5,Post-Monsoon
2025-10-12,LOC_NORTH,25.9,20.5,31.3,0.0,54.2,14.9,Post-Monsoon
2025-10-12,LOC_CENTRAL,25.6,19.8,31.3,0.0,52.5,15.6,Post-Monsoon
2025-10-12,LOC_SOUTH,24.7,18.5,30.9,0.0,46.6,15.9,Post-Monsoon
2025-10-13,LOC_NORTH,26.1,18.8,33.4,0.0,49.3,11.4,Post-Monsoon
2025-10-13,LOC_CENTRAL,24.9,19.1,30.7,0.0,55.1,15.8,Post-Monsoon
2025-10-13,LOC_SOUTH,26.6,20.3,32.9,0.0,64.3,10.7,Post-Monsoon
2025-10-14,LOC_NORTH,26.8,21.0,32.6,0.0,60.5,14.8,Post-Monsoon
2025-10-14,LOC_CENTRAL,26.8,20.3,33.2,0.0,52.5,8.2,Post-Monsoon
2025-10-14,LOC_SOUTH,25.7,18.6,32.8,0.0,47.7,9.4,Post-Monsoon
2025-10-15,LOC_NORTH,26.1,20.3,31.9,3.5,56.1,9.7,Post-Monsoon
2025-10-15,LOC_CENTRAL,25.7,20.6,30.8,0.0,45.3,14.4,Post-Monsoon
2025-10-15,LOC_SOUTH,26.7,20.0,33.4,0.0,65.2,15.6,Post-Monsoon
2025-10-16,LOC_NORTH,26.2,19.6,32.8,0.0,61.1,9.6,Post-Monsoon
2025-10-16,LOC_CENTRAL,26.2,20.6,31.8,0.0,54.5,13.3,Post-Monsoon
2025-10-16,LOC_SOUTH,25.2,19.5,30.9,0.0,50.1,9.5,Post-Monsoon
2025-10-17,LOC_NORTH,26.2,19.0,33.4,0.0,67.3,13.9,Post-Monsoon
2025-10-17,LOC_CENTRAL,26.6,20.6,32.6,7.3,56.6,14.6,Post-Monsoon
2025-10-17,LOC_SOUTH,26.0,20.1,32.0,0.0,56.0,14.1,Post-Monsoon
2025-10-18,LOC_NORTH,26.2,20.1,32.4,0.0,57.2,14.0,Post-Monsoon
2025-10-18,LOC_CENTRAL,26.6,20.2,33.0,0.0,63.9,12.5,Post-Monsoon
2025-10-18,LOC_SOUTH,26.6,20.8,32.5,0.0,64.0,13.5,Post-Monsoon
2025-10-19,LOC_NORTH,25.6,19.1,32.2,0.0,67.3,13.3,Post-Monsoon
2025-10-19,LOC_CENTRAL,26.5,20.8,32.2,0.0,57.1,14.1,Post-Monsoon
2025-10-19,LOC_SOUTH,25.8,19.0,32.6,0.0,55.9,11.0,Post-Monsoon
2025-10-20,LOC_NORTH,25.8,19.5,32.1,0.0,54.5,8.6,Post-Monsoon
2025-10-20,LOC_CENTRAL,26.4,20.6,32.2,0.0,53.3,8.7,Post-Monsoon
2025-10-20,LOC_SOUTH,25.5,19.9,31.1,0.0,57.5,9.9,Post-Monsoon
2025-10-21,LOC_NORTH,26.2,19.5,33.0,0.0,63.7,10.7,Post-Monsoon
2025-10-21,LOC_CENTRAL,25.4,19.9,30.8,0.0,61.4,9.9,Post-Monsoon
2025-10-21,LOC_SOUTH,25.5,19.2,31.8,12.6,61.8,10.4,Post-Monsoon
2025-10-22,LOC_NORTH,25.6,19.0,32.3,0.0,47.6,8.0,Post-Monsoon
2025-10-22,LOC_CENTRAL,26.0,20.0,32.0,0.0,46.3,10.5,Post-Monsoon
2025-10-22,LOC_SOUTH,25.5,19.0,32.0,0.0,47.0,11.9,Post-Monsoon
2025-10-23,LOC_NORTH,25.9,19.2,32.6,0.0,64.1,9.5,Post-Monsoon
2025-10-23,LOC_CENTRAL,26.6,19.9,33.3,0.0,54.9,10.5,Post-Monsoon
2025-10-23,LOC_SOUTH,26.6,20.5,32.7,0.0,67.7,14.3,Post-Monsoon
2025-10-24,LOC_NORTH,25.8,19.3,32.3,0.0,45.9,14.0,Post-Monsoon
2025-10-24,LOC_CENTRAL,25.2,18.6,31.8,2.9,58.4,11.7,Post-Monsoon
2025-10-24,LOC_SOUTH,26.0,19.7,32.4,0.0,50.0,8.9,Post-Monsoon
2025-10-25,LOC_NORTH,26.0,19.7,32.3,2.9,47.4,12.3,Post-Monsoon
2025-10-25,LOC_CENTRAL,25.8,20.0,31.7,0.0,51.9,15.7,Post-Monsoon
2025-10-25,LOC_SOUTH,26.0,20.0,32.1,0.0,60.3,12.1,Post-Monsoon
2025-10-26,LOC_NORTH,25.2,18.6,31.8,2.7,52.7,11.1,Post-Monsoon
2025-10-26,LOC_CENTRAL,25.6,20.3,30.9,0.0,66.6,11.9,Post-Monsoon
2025-10-26,LOC_SOUTH,26.6,20.6,32.6,0.0,52.1,15.5,Post-Monsoon
2025-10-27,LOC_NORTH,25.8,19.7,32.0,0.0,47.5,14.7,Post-Monsoon
2025-10-27,LOC_CENTRAL,25.8,19.3,32.3,0.0,57.8,12.7,Post-Monsoon
2025-10-27,LOC_SOUTH,25.8,20.6,31.1,2.6,60.6,10.2,Post-Monsoon
2025-10-28,LOC_NORTH,26.6,20.3,33.0,0.0,47.7,9.1,Post-Monsoon
2025-10-28,LOC_CENTRAL,25.6,19.8,31.4,0.0,64.2,13.6,Post-Monsoon
2025-10-28,LOC_SOUTH,26.8,20.3,33.3,0.0,51.1,13.6,Post-Monsoon
2025-10-29,LOC_NORTH,24.9,18.7,31.1,0.0,63.9,8.8,Post-Monsoon
2025-10-29,LOC_CENTRAL,26.7,20.5,32.9,0.0,46.3,9.4,Post-Monsoon
2025-10-29,LOC_SOUTH,26.4,20.3,32.6,0.0,58.4,9.0,Post-Monsoon
2025-10-30,LOC_NORTH,25.6,20.3,30.9,0.0,52.6,11.9,Post-Monsoon
2025-10-30,LOC_CENTRAL,24.8,19.1,30.6,0.0,51.4,9.1,Post-Monsoon
2025-10-30,LOC_SOUTH,26.6,20.5,32.7,0.0,62.8,11.1,Post-Monsoon
2025-10-31,LOC_NORTH,26.3,20.6,32.0,0.0,63.5,9.1,Post-Monsoon
2025-10-31,LOC_CENTRAL,25.7,20.7,30.7,0.0,51.6,13.8,Post-Monsoon
2025-10-31,LOC_SOUTH,26.8,20.7,33.0,0.0,64.6,8.3,Post-Monsoon
2025-11-01,LOC_NORTH,25.4,20.1,30.6,2.4,60.5,10.7,Post-Monsoon
2025-11-01,LOC_CENTRAL,25.1,19.2,31.0,0.0,55.9,14.3,Post-Monsoon
2025-11-01,LOC_SOUTH,26.2,19.6,32.8,0.0,47.6,10.0,Post-Monsoon
2025-11-02,LOC_NORTH,26.2,19.4,33.0,0.0,55.7,14.3,Post-Monsoon
2025-11-02,LOC_CENTRAL,25.6,19.6,31.7,0.0,61.5,12.4,Post-Monsoon
2025-11-02,LOC_SOUTH,26.2,19.1,33.3,3.0,59.2,14.9,Post-Monsoon
2025-11-03,LOC_NORTH,25.8,20.1,31.5,0.0,59.2,15.1,Post-Monsoon
2025-11-03,LOC_CENTRAL,25.4,19.5,31.2,0.0,65.0,12.5,Post-Monsoon
2025-11-03,LOC_SOUTH,25.6,19.2,32.0,0.0,64.5,13.5,Post-Monsoon
2025-11-04,LOC_NORTH,25.2,19.0,31.4,0.0,48.9,8.8,Post-Monsoon
2025-11-04,LOC_CENTRAL,25.3,18.8,31.8,0.0,57.6,9.3,Post-Monsoon
2025-11-04,LOC_SOUTH,25.0,19.3,30.7,0.0,56.9,8.8,Post-Monsoon
2025-11-05,LOC_NORTH,26.8,20.8,32.8,0.0,57.3,14.9,Post-Monsoon
2025-11-05,LOC_CENTRAL,25.6,18.5,32.6,0.0,64.6,10.8,Post-Monsoon
2025-11-05,LOC_SOUTH,25.5,20.4,30.6,0.0,48.7,12.3,Post-Monsoon
2025-11-06,LOC_NORTH,25.7,20.3,31.1,0.0,52.3,14.8,Post-Monsoon
2025-11-06,LOC_CENTRAL,26.0,20.2,31.9,0.0,51.9,13.0,Post-Monsoon
2025-11-06,LOC_SOUTH,25.2,19.4,31.0,0.0,61.0,15.6,Post-Monsoon
2025-11-07,LOC_NORTH,26.6,19.6,33.5,0.0,55.2,14.8,Post-Monsoon
2025-11-07,LOC_CENTRAL,26.0,20.9,31.1,0.0,67.7,14.7,Post-Monsoon
2025-11-07,LOC_SOUTH,26.1,19.3,32.9,2.9,51.9,8.3,Post-Monsoon
2025-11-08,LOC_NORTH,25.8,19.5,32.0,0.0,59.3,9.0,Post-Monsoon
2025-11-08,LOC_CENTRAL,26.2,19.0,33.4,0.0,56.2,14.5,Post-Monsoon
2025-11-08,LOC_SOUTH,25.2,19.6,30.8,0.0,49.9,13.0,Post-Monsoon
2025-11-09,LOC_NORTH,27.2,21.0,33.3,1.6,52.1,11.2,Post-Monsoon
2025-11-09,LOC_CENTRAL,25.1,19.0,31.2,0.0,66.1,8.4,Post-Monsoon
2025-11-09,LOC_SOUTH,25.5,19.5,31.5,0.0,59.5,13.1,Post-Monsoon
2025-11-10,LOC_NORTH,26.8,20.4,33.1,0.0,60.0,10.2,Post-Monsoon
2025-11-10,LOC_CENTRAL,26.0,19.7,32.3,1.7,51.7,15.4,Post-Monsoon
2025-11-10,LOC_SOUTH,25.2,19.2,31.2,0.0,60.3,8.9,Post-Monsoon
2025-11-11,LOC_NORTH,27.0,20.7,33.4,0.0,60.5,8.1,Post-Monsoon
2025-11-11,LOC_CENTRAL,26.0,20.5,31.5,2.0,58.5,10.1,Post-Monsoon
2025-11-11,LOC_SOUTH,26.0,18.8,33.3,0.0,56.7,14.0,Post-Monsoon
2025-11-12,LOC_NORTH,25.6,19.8,31.4,0.0,55.7,10.9,Post-Monsoon
2025-11-12,LOC_CENTRAL,26.2,20.3,32.1,0.0,66.6,10.4,Post-Monsoon
2025-11-12,LOC_SOUTH,26.2,20.4,31.9,0.0,64.9,16.0,Post-Monsoon
2025-11-13,LOC_NORTH,25.3,18.8,31.8,7.8,65.1,9.8,Post-Monsoon
2025-11-13,LOC_CENTRAL,24.8,18.7,31.0,0.0,52.2,11.2,Post-Monsoon
2025-11-13,LOC_SOUTH,26.3,20.6,32.0,0.0,59.1,9.4,Post-Monsoon
2025-11-14,LOC_NORTH,26.2,20.3,32.0,0.0,49.6,8.1,Post-Monsoon
2025-11-14,LOC_CENTRAL,25.0,19.4,30.7,0.0,45.2,11.7,Post-Monsoon
2025-11-14,LOC_SOUTH,25.0,18.6,31.5,0.0,50.9,10.8,Post-Monsoon
2025-11-15,LOC_NORTH,26.2,19.8,32.6,19.5,59.6,14.1,Post-Monsoon
2025-11-15,LOC_CENTRAL,24.6,18.6,30.7,1.3,54.5,15.5,Post-Monsoon
2025-11-15,LOC_SOUTH,25.5,19.2,31.9,0.0,47.6,12.9,Post-Monsoon
2025-11-16,LOC_NORTH,26.4,20.5,32.2,0.0,50.8,12.1,Post-Monsoon
2025-11-16,LOC_CENTRAL,26.8,20.5,33.2,0.0,66.7,8.5,Post-Monsoon
2025-11-16,LOC_SOUTH,26.0,18.6,33.3,0.0,65.5,10.1,Post-Monsoon
2025-11-17,LOC_NORTH,25.6,19.3,31.9,0.0,63.9,13.7,Post-Monsoon
2025-11-17,LOC_CENTRAL,26.4,20.6,32.3,0.0,55.3,13.8,Post-Monsoon
2025-11-17,LOC_SOUTH,25.2,18.7,31.6,0.7,65.0,11.8,Post-Monsoon
2025-11-18,LOC_NORTH,26.0,19.5,32.6,0.0,53.0,14.4,Post-Monsoon
2025-11-18,LOC_CENTRAL,26.6,20.8,32.4,0.0,58.1,12.9,Post-Monsoon
2025-11-18,LOC_SOUTH,26.9,20.5,33.3,4.6,60.8,14.0,Post-Monsoon
2025-11-19,LOC_NORTH,25.9,20.7,31.1,0.0,50.4,15.1,Post-Monsoon
2025-11-19,LOC_CENTRAL,24.7,18.6,30.8,0.4,64.4,8.5,Post-Monsoon
2025-11-19,LOC_SOUTH,25.0,18.8,31.3,0.0,47.1,13.3,Post-Monsoon
2025-11-20,LOC_NORTH,25.8,20.6,30.9,0.0,45.3,15.2,Post-Monsoon
2025-11-20,LOC_CENTRAL,24.8,19.1,30.6,2.5,56.8,14.4,Post-Monsoon
2025-11-20,LOC_SOUTH,25.9,20.3,31.5,0.0,62.3,9.9,Post-Monsoon
2025-11-21,LOC_NORTH,25.0,19.0,30.9,0.0,56.8,14.8,Post-Monsoon
2025-11-21,LOC_CENTRAL,25.5,20.3,30.7,0.0,65.1,10.0,Post-Monsoon
2025-11-21,LOC_SOUTH,26.4,20.8,31.9,0.0,53.9,9.1,Post-Monsoon
2025-11-22,LOC_NORTH,25.6,20.0,31.3,0.0,47.9,12.8,Post-Monsoon
2025-11-22,LOC_CENTRAL,26.0,19.8,32.2,0.0,64.3,10.6,Post-Monsoon
2025-11-22,LOC_SOUTH,26.0,18.9,33.2,0.0,51.1,9.0,Post-Monsoon
2025-11-23,LOC_NORTH,25.0,18.8,31.2,0.0,48.2,14.0,Post-Monsoon
2025-11-23,LOC_CENTRAL,25.8,20.9,30.6,0.0,45.2,14.1,Post-Monsoon
2025-11-23,LOC_SOUTH,26.2,20.4,32.0,0.0,59.7,14.3,Post-Monsoon
2025-11-24,LOC_NORTH,25.1,18.5,31.7,0.0,53.8,12.0,Post-Monsoon
2025-11-24,LOC_CENTRAL,25.1,19.7,30.5,0.0,51.4,11.2,Post-Monsoon
2025-11-24,LOC_SOUTH,26.6,20.5,32.6,0.0,52.1,15.5,Post-Monsoon
2025-11-25,LOC_NORTH,25.6,18.8,32.5,4.0,50.1,10.0,Post-Monsoon
2025-11-25,LOC_CENTRAL,25.9,18.7,33.1,0.0,51.2,14.1,Post-Monsoon
2025-11-25,LOC_SOUTH,25.6,18.5,32.7,0.0,48.2,14.9,Post-Monsoon
2025-11-26,LOC_NORTH,26.3,19.5,33.1,0.0,52.0,13.7,Post-Monsoon
2025-11-26,LOC_CENTRAL,25.4,19.2,31.6,0.0,47.1,14.0,Post-Monsoon
2025-11-26,LOC_SOUTH,25.3,20.1,30.5,0.0,50.3,13.1,Post-Monsoon
2025-11-27,LOC_NORTH,27.0,20.4,33.5,0.0,49.0,14.9,Post-Monsoon
2025-11-27,LOC_CENTRAL,25.3,18.8,31.8,0.0,63.8,15.9,Post-Monsoon
2025-11-27,LOC_SOUTH,26.9,20.6,33.2,0.7,58.1,12.3,Post-Monsoon
2025-11-28,LOC_NORTH,25.7,19.5,31.9,0.0,58.1,8.0,Post-Monsoon
2025-11-28,LOC_CENTRAL,25.6,19.8,31.3,0.0,49.0,12.4,Post-Monsoon
2025-11-28,LOC_SOUTH,26.1,19.6,32.6,3.6,51.8,15.4,Post-Monsoon
2025-11-29,LOC_NORTH,25.5,20.1,30.9,3.5,57.7,10.4,Post-Monsoon
2025-11-29,LOC_CENTRAL,25.4,18.9,31.9,0.0,59.3,10.4,Post-Monsoon
2025-11-29,LOC_SOUTH,26.6,20.1,33.2,0.0,45.9,12.0,Post-Monsoon
2025-11-30,LOC_NORTH,26.0,19.2,32.8,0.0,50.8,14.6,Post-Monsoon
2025-11-30,LOC_CENTRAL,25.8,20.7,30.8,0.0,51.8,10.1,Post-Monsoon
2025-11-30,LOC_SOUTH,26.4,21.0,31.8,0.0,47.4,12.7,Post-Monsoon
2025-12-01,LOC_NORTH,21.2,13.3,29.0,0.0,46.7,8.1,Winter
2025-12-01,LOC_CENTRAL,21.6,13.0,30.2,0.0,33.2,11.9,Winter
2025-12-01,LOC_SOUTH,21.0,12.6,29.4,0.0,45.5,7.8,Winter
2025-12-02,LOC_NORTH,21.7,14.6,28.8,0.0,33.3,9.1,Winter
2025-12-02,LOC_CENTRAL,22.4,14.9,30.0,0.0,41.3,10.1,Winter
2025-12-02,LOC_SOUTH,22.0,14.8,29.2,0.0,51.5,7.4,Winter
2025-12-03,LOC_NORTH,21.0,13.1,28.8,0.0,49.7,10.8,Winter
2025-12-03,LOC_CENTRAL,22.2,15.0,29.5,0.0,31.9,7.8,Winter
2025-12-03,LOC_SOUTH,20.7,12.7,28.7,0.0,30.5,6.7,Winter
2025-12-04,LOC_NORTH,22.0,14.6,29.5,0.0,42.9,10.3,Winter
2025-12-04,LOC_CENTRAL,21.2,14.2,28.3,0.0,48.8,10.7,Winter
2025-12-04,LOC_SOUTH,20.0,11.8,28.1,0.0,31.6,10.7,Winter
2025-12-05,LOC_NORTH,22.2,14.5,30.0,0.0,41.6,12.3,Winter
2025-12-05,LOC_CENTRAL,21.4,12.5,30.3,0.0,39.9,13.5,Winter
2025-12-05,LOC_SOUTH,21.6,14.7,28.5,0.0,54.5,11.3,Winter
2025-12-06,LOC_NORTH,22.0,14.1,30.0,0.0,47.5,8.5,Winter
2025-12-06,LOC_CENTRAL,20.2,12.7,27.7,0.0,46.7,6.8,Winter
2025-12-06,LOC_SOUTH,19.8,12.0,27.5,0.0,47.9,13.8,Winter
2025-12-07,LOC_NORTH,21.8,13.2,30.4,0.0,51.7,11.9,Winter
2025-12-07,LOC_CENTRAL,21.2,13.5,29.0,0.0,33.4,13.5,Winter
2025-12-07,LOC_SOUTH,20.8,13.1,28.6,0.0,46.8,8.7,Winter
2025-12-08,LOC_NORTH,21.0,13.7,28.3,0.0,30.6,11.8,Winter
2025-12-08,LOC_CENTRAL,21.3,13.6,29.0,0.0,45.8,10.2,Winter
2025-12-08,LOC_SOUTH,21.6,13.9,29.2,0.0,48.8,11.8,Winter
2025-12-09,LOC_NORTH,21.2,12.2,30.1,0.0,40.0,13.6,Winter
2025-12-09,LOC_CENTRAL,20.3,11.9,28.7,0.0,43.1,6.9,Winter
2025-12-09,LOC_SOUTH,21.6,15.0,28.1,0.0,43.5,8.3,Winter
2025-12-10,LOC_NORTH,22.7,14.9,30.5,0.0,41.0,8.1,Winter
2025-12-10,LOC_CENTRAL,22.0,14.0,30.0,0.0,47.2,13.1,Winter
2025-12-10,LOC_SOUTH,21.0,12.5,29.6,0.0,47.3,8.4,Winter
2025-12-11,LOC_NORTH,21.8,13.7,29.8,0.0,31.9,10.1,Winter
2025-12-11,LOC_CENTRAL,20.6,12.6,28.5,0.0,45.1,8.6,Winter
2025-12-11,LOC_SOUTH,20.8,11.7,29.8,0.0,46.5,12.5,Winter
2025-12-12,LOC_NORTH,21.4,13.2,29.5,0.0,53.8,8.4,Winter
2025-12-12,LOC_CENTRAL,20.3,13.0,27.6,0.0,30.8,13.6,Winter
2025-12-12,LOC_SOUTH,21.2,14.3,28.1,0.0,49.4,7.7,Winter
2025-12-13,LOC_NORTH,20.5,11.7,29.4,0.0,42.1,6.1,Winter
2025-12-13,LOC_CENTRAL,22.6,14.9,30.3,0.0,35.6,7.7,Winter
2025-12-13,LOC_SOUTH,21.1,12.4,29.8,0.0,52.4,10.6,Winter
2025-12-14,LOC_NORTH,21.5,14.4,28.6,0.0,42.3,13.3,Winter
2025-12-14,LOC_CENTRAL,21.2,12.1,30.3,0.0,30.1,13.9,Winter
2025-12-14,LOC_SOUTH,21.0,11.7,30.2,0.0,50.8,9.7,Winter
2025-12-15,LOC_NORTH,21.4,14.6,28.3,0.0,34.9,13.6,Winter
2025-12-15,LOC_CENTRAL,20.8,13.6,28.1,0.0,35.6,10.4,Winter
2025-12-15,LOC_SOUTH,20.9,12.2,29.6,0.0,43.0,9.8,Winter
2025-12-16,LOC_NORTH,21.0,14.4,27.7,0.0,38.4,10.6,Winter
2025-12-16,LOC_CENTRAL,21.2,13.3,29.0,0.0,32.7,9.4,Winter
2025-12-16,LOC_SOUTH,21.5,14.1,28.9,0.0,51.0,10.4,Winter
2025-12-17,LOC_NORTH,20.0,12.3,27.8,0.0,34.1,7.0,Winter
2025-12-17,LOC_CENTRAL,20.5,12.3,28.6,0.0,35.5,6.4,Winter
2025-12-17,LOC_SOUTH,19.8,11.9,27.6,0.0,34.3,9.4,Winter
2025-12-18,LOC_NORTH,20.5,12.0,29.0,0.0,40.6,8.7,Winter
2025-12-18,LOC_CENTRAL,19.8,11.5,28.1,0.0,41.7,11.5,Winter
2025-12-18,LOC_SOUTH,20.1,12.0,28.2,0.0,52.2,8.2,Winter
2025-12-19,LOC_NORTH,21.4,14.5,28.2,0.0,50.4,9.6,Winter
2025-12-19,LOC_CENTRAL,20.6,12.3,29.0,0.0,32.0,10.6,Winter
2025-12-19,LOC_SOUTH,20.4,13.1,27.8,0.0,53.5,13.6,Winter
2025-12-20,LOC_NORTH,21.0,13.7,28.2,0.0,41.9,13.0,Winter
2025-12-20,LOC_CENTRAL,19.9,11.5,28.3,0.0,34.1,8.8,Winter
2025-12-20,LOC_SOUTH,21.4,14.3,28.4,0.0,47.0,8.4,Winter
2025-12-21,LOC_NORTH,20.4,11.8,28.9,0.0,52.5,13.5,Winter
2025-12-21,LOC_CENTRAL,22.4,14.5,30.4,0.0,34.3,6.4,Winter
2025-12-21,LOC_SOUTH,22.0,14.7,29.2,0.0,34.4,6.1,Winter
2025-12-22,LOC_NORTH,20.8,11.8,29.9,0.0,40.3,11.4,Winter
2025-12-22,LOC_CENTRAL,20.0,11.8,28.2,0.0,49.3,11.0,Winter
2025-12-22,LOC_SOUTH,21.6,12.7,30.5,0.0,31.5,11.9,Winter
2025-12-23,LOC_NORTH,20.6,12.2,29.1,0.0,49.5,7.6,Winter
2025-12-23,LOC_CENTRAL,20.0,11.8,28.3,0.0,40.0,9.4,Winter
2025-12-23,LOC_SOUTH,21.5,14.0,29.0,0.0,52.7,7.1,Winter
2025-12-24,LOC_NORTH,19.6,11.6,27.7,0.0,33.6,11.3,Winter
2025-12-24,LOC_CENTRAL,22.0,14.3,29.7,0.0,36.1,8.4,Winter
2025-12-24,LOC_SOUTH,20.3,11.7,28.9,0.0,45.3,13.9,Winter
2025-12-25,LOC_NORTH,21.4,14.1,28.6,0.0,42.5,7.0,Winter
2025-12-25,LOC_CENTRAL,20.8,12.5,29.2,0.0,30.9,11.1,Winter
2025-12-25,LOC_SOUTH,21.4,12.7,30.1,0.0,39.8,13.1,Winter
2025-12-26,LOC_NORTH,22.0,14.0,29.9,0.0,36.2,13.3,Winter
2025-12-26,LOC_CENTRAL,20.8,13.7,28.0,0.0,30.7,11.1,Winter
2025-12-26,LOC_SOUTH,20.7,13.1,28.3,0.0,38.6,7.4,Winter
2025-12-27,LOC_NORTH,22.0,14.6,29.4,0.0,54.0,7.5,Winter
2025-12-27,LOC_CENTRAL,21.8,13.8,29.7,0.0,38.6,6.2,Winter
2025-12-27,LOC_SOUTH,22.2,14.8,29.6,0.0,45.8,9.5,Winter
2025-12-28,LOC_NORTH,20.6,12.2,29.1,0.0,48.8,12.0,Winter
2025-12-28,LOC_CENTRAL,21.2,14.6,27.9,0.0,36.7,13.9,Winter
2025-12-28,LOC_SOUTH,20.4,12.1,28.6,0.0,38.8,9.5,Winter
2025-12-29,LOC_NORTH,20.6,13.5,27.7,0.0,44.9,11.9,Winter
2025-12-29,LOC_CENTRAL,20.5,13.4,27.6,0.0,31.3,11.6,Winter
2025-12-29,LOC_SOUTH,21.2,14.7,27.7,0.0,47.6,10.1,Winter
2025-12-30,LOC_NORTH,20.4,12.0,28.8,0.0,37.3,13.0,Winter
2025-12-30,LOC_CENTRAL,20.8,11.5,30.2,0.0,44.9,11.8,Winter
2025-12-30,LOC_SOUTH,20.6,11.8,29.4,0.0,35.4,8.0,Winter
2025-12-31,LOC_NORTH,21.6,13.1,30.0,0.0,42.2,13.5,Winter
2025-12-31,LOC_CENTRAL,22.0,14.6,29.4,0.0,41.4,7.2,Winter
2025-12-31,LOC_SOUTH,21.7,13.1,30.3,0.0,34.5,8.4,Winter
