pipeline_id,source_node,destination_node,pipeline_type,length_km,diameter_mm,capacity_l_per_day,current_flow_l_per_day,status,elevation_difference_m,geometry
PIPE_001,SRC_001,TNK_01,Main,16.5,900,80000000.0,52000000.0,Working,60.0,"LINESTRING (75.620000 19.350000, 75.710000 19.280000)"
PIPE_002,SRC_001,TNK_02,Main,24.2,800,60000000.0,41000000.0,Working,60.0,"LINESTRING (75.620000 19.350000, 75.820000 19.140000)"
PIPE_003,SRC_002,TNK_02,Main,14.8,700,50000000.0,31000000.0,Working,60.0,"LINESTRING (75.920000 19.180000, 75.820000 19.140000)"
PIPE_004,SRC_002,TNK_03,Main,18.1,750,55000000.0,36000000.0,Working,60.0,"LINESTRING (75.920000 19.180000, 76.080000 19.160000)"
PIPE_005,SRC_003,TNK_04,Main,12.4,600,35000000.0,19000000.0,Working,60.0,"LINESTRING (75.750000 18.880000, 75.840000 18.980000)"
PIPE_006,SRC_003,TNK_05,Main,15.0,500,25000000.0,14000000.0,Working,60.0,"LINESTRING (75.750000 18.880000, 75.650000 18.910000)"
PIPE_007,TNK_01,TNK_02,Main,18.0,600,30000000.0,12000000.0,Working,0.0,"LINESTRING (75.710000 19.280000, 75.820000 19.140000)"
PIPE_008,TNK_02,TNK_04,Main,17.5,600,30000000.0,11000000.0,Working,0.0,"LINESTRING (75.820000 19.140000, 75.840000 18.980000)"
PIPE_009,TNK_04,TNK_05,Main,16.0,450,20000000.0,7500000.0,Working,0.0,"LINESTRING (75.840000 18.980000, 75.650000 18.910000)"
PIPE_010,TNK_04,VIL_001,Secondary,13.48,300,4500000.0,3233573.4,Working,-2.9,"LINESTRING (75.840000 18.980000, 75.963766 19.012178)"
PIPE_011,TNK_03,VIL_001,Secondary Feeder,20.45,200,2500000.0,0.0,Working,-2.9,"LINESTRING (76.080000 19.160000, 75.963766 19.012178)"
PIPE_012,TNK_01,VIL_002,Secondary,15.07,400,8000000.0,6607309.8,Working,89.3,"LINESTRING (75.710000 19.280000, 75.718198 19.415500)"
PIPE_013,TNK_02,VIL_003,Secondary,14.35,250,3125000.0,2515191.8,Working,67.5,"LINESTRING (75.820000 19.140000, 75.864048 19.262396)"
PIPE_014,TNK_02,VIL_004,Secondary,7.33,400,8000000.0,5633320.5,Working,13.2,"LINESTRING (75.820000 19.140000, 75.882697 19.169061)"
PIPE_015,TNK_05,VIL_005,Secondary,6.04,350,6125000.0,4670633.0,Working,-6.9,"LINESTRING (75.650000 18.910000, 75.629398 18.859213)"
PIPE_016,TNK_03,VIL_006,Secondary,34.96,350,6125000.0,5271248.8,Working,-1.3,"LINESTRING (76.080000 19.160000, 76.178709 18.859196)"
PIPE_017,TNK_04,VIL_006,Secondary Feeder,38.01,200,2500000.0,0.0,Working,-1.3,"LINESTRING (75.840000 18.980000, 76.178709 18.859196)"
PIPE_018,TNK_04,VIL_007,Secondary,29.9,250,3125000.0,2083772.3,Working,58.6,"LINESTRING (75.840000 18.980000, 76.042593 18.790659)"
PIPE_019,TNK_03,VIL_008,Secondary,23.27,350,6125000.0,4962743.9,Working,-9.7,"LINESTRING (76.080000 19.160000, 76.157649 19.356323)"
PIPE_020,TNK_03,VIL_009,Secondary,5.01,250,3125000.0,2083456.6,Working,56.8,"LINESTRING (76.080000 19.160000, 76.126379 19.170781)"
PIPE_021,TNK_02,VIL_010,Secondary,15.64,300,4500000.0,3837216.7,Working,44.4,"LINESTRING (75.820000 19.140000, 75.918530 19.245651)"
PIPE_022,TNK_04,VIL_011,Secondary,40.0,300,4500000.0,3325667.1,Working,-14.5,"LINESTRING (75.840000 18.980000, 76.145312 18.764409)"
PIPE_023,TNK_03,VIL_011,Secondary Feeder,44.44,200,2500000.0,0.0,Working,-14.5,"LINESTRING (76.080000 19.160000, 76.145312 18.764409)"
PIPE_024,TNK_01,VIL_012,Secondary,22.69,250,3125000.0,2155043.4,Working,-0.9,"LINESTRING (75.710000 19.280000, 75.561945 19.428937)"
PIPE_025,TNK_01,VIL_013,Secondary,9.63,350,6125000.0,3846474.1,Working,-28.9,"LINESTRING (75.710000 19.280000, 75.637188 19.332710)"
PIPE_026,TNK_05,VIL_014,Secondary,12.49,400,8000000.0,4824276.3,Working,-2.1,"LINESTRING (75.650000 18.910000, 75.531659 18.898637)"
PIPE_027,TNK_05,VIL_015,Secondary,8.93,250,3125000.0,2616250.3,Working,10.4,"LINESTRING (75.650000 18.910000, 75.727731 18.877277)"
PIPE_028,TNK_05,VIL_016,Secondary,13.29,250,3125000.0,2154399.4,Working,76.9,"LINESTRING (75.650000 18.910000, 75.772074 18.878383)"
PIPE_029,TNK_04,VIL_016,Secondary Feeder,13.35,200,2500000.0,0.0,Working,76.9,"LINESTRING (75.840000 18.980000, 75.772074 18.878383)"
PIPE_030,TNK_05,VIL_017,Secondary,7.22,300,4500000.0,3552730.1,Working,38.5,"LINESTRING (75.650000 18.910000, 75.689944 18.962970)"
PIPE_031,TNK_03,VIL_018,Secondary,4.74,400,8000000.0,6084500.9,Working,52.9,"LINESTRING (76.080000 19.160000, 76.080116 19.117330)"
PIPE_032,TNK_02,VIL_019,Secondary,12.21,350,6125000.0,3817832.8,Working,55.8,"LINESTRING (75.820000 19.140000, 75.749727 19.052362)"
PIPE_033,TNK_05,VIL_020,Secondary,6.91,250,3125000.0,2131559.4,Working,-46.2,"LINESTRING (75.650000 18.910000, 75.696654 18.953860)"
PIPE_034,TNK_02,VIL_021,Secondary,7.59,250,3125000.0,2359490.2,Working,35.0,"LINESTRING (75.820000 19.140000, 75.879887 19.178297)"
PIPE_035,TNK_03,VIL_021,Secondary Feeder,21.11,200,2500000.0,0.0,Working,35.0,"LINESTRING (76.080000 19.160000, 75.879887 19.178297)"
PIPE_036,TNK_05,VIL_022,Secondary,8.77,250,3125000.0,2533327.7,Working,-34.9,"LINESTRING (75.650000 18.910000, 75.598647 18.847646)"
PIPE_037,TNK_03,VIL_023,Secondary,22.89,350,6125000.0,5014922.7,Working,1.6,"LINESTRING (76.080000 19.160000, 76.061538 18.954501)"
PIPE_038,TNK_05,VIL_024,Secondary,14.84,350,6125000.0,3831418.5,Working,-21.3,"LINESTRING (75.650000 18.910000, 75.552185 19.006453)"
PIPE_039,TNK_03,VIL_025,Secondary,15.39,300,4500000.0,3927552.7,Working,19.6,"LINESTRING (76.080000 19.160000, 76.190821 19.069249)"
PIPE_040,TNK_03,VIL_026,Secondary,16.04,300,4500000.0,3392406.4,Working,9.2,"LINESTRING (76.080000 19.160000, 76.040571 19.299623)"
PIPE_041,TNK_02,VIL_026,Secondary Feeder,29.16,200,2500000.0,0.0,Working,9.2,"LINESTRING (75.820000 19.140000, 76.040571 19.299623)"
PIPE_042,TNK_05,VIL_027,Secondary,2.52,250,3125000.0,2519906.1,Working,21.0,"LINESTRING (75.650000 18.910000, 75.639101 18.889772)"
PIPE_043,TNK_05,VIL_028,Secondary,26.98,250,3125000.0,2182050.6,Working,62.7,"LINESTRING (75.650000 18.910000, 75.503865 19.109964)"
PIPE_044,TNK_03,VIL_029,Secondary,2.5,300,4500000.0,3920501.4,Working,-11.1,"LINESTRING (76.080000 19.160000, 76.070823 19.164690)"
PIPE_045,TNK_04,VIL_030,Secondary,27.29,250,3125000.0,2541321.8,Working,50.7,"LINESTRING (75.840000 18.980000, 75.994800 18.782515)"
PIPE_046,TNK_03,VIL_031,Secondary,7.51,400,8000000.0,6741785.9,Working,86.6,"LINESTRING (76.080000 19.160000, 76.010305 19.175281)"
PIPE_047,TNK_02,VIL_031,Secondary Feeder,20.36,200,2500000.0,0.0,Working,86.6,"LINESTRING (75.820000 19.140000, 76.010305 19.175281)"
PIPE_048,TNK_04,VIL_032,Secondary,24.32,300,4500000.0,2805974.6,Working,-0.4,"LINESTRING (75.840000 18.980000, 76.039889 18.869367)"
PIPE_049,TNK_05,VIL_033,Secondary,16.36,250,3125000.0,2069754.4,Working,65.2,"LINESTRING (75.650000 18.910000, 75.551831 18.795536)"
PIPE_050,TNK_01,VIL_034,Secondary,15.51,250,3125000.0,2594127.6,Working,-41.7,"LINESTRING (75.710000 19.280000, 75.750926 19.414220)"
PIPE_051,TNK_01,VIL_035,Secondary,21.11,300,4500000.0,2884722.1,Working,-43.6,"LINESTRING (75.710000 19.280000, 75.581108 19.425942)"
PIPE_052,TNK_03,VIL_036,Secondary,17.49,250,3125000.0,1949233.0,Working,-38.1,"LINESTRING (76.080000 19.160000, 76.104172 19.315878)"
PIPE_053,TNK_02,VIL_036,Secondary Feeder,35.66,200,2500000.0,0.0,Working,-38.1,"LINESTRING (75.820000 19.140000, 76.104172 19.315878)"
PIPE_054,TNK_04,VIL_037,Secondary,10.28,350,6125000.0,4671938.8,Working,38.2,"LINESTRING (75.840000 18.980000, 75.936309 18.963230)"
PIPE_055,TNK_05,VIL_038,Secondary,13.3,250,3125000.0,2199311.9,Working,87.8,"LINESTRING (75.650000 18.910000, 75.731629 18.818370)"
PIPE_056,TNK_01,VIL_039,Secondary,18.28,400,8000000.0,5330174.8,Working,-40.0,"LINESTRING (75.710000 19.280000, 75.544491 19.228963)"
PIPE_057,TNK_02,VIL_040,Secondary,14.07,350,6125000.0,5365991.8,Working,30.1,"LINESTRING (75.820000 19.140000, 75.717688 19.058107)"
PIPE_058,TNK_05,VIL_041,Secondary,11.62,400,8000000.0,5584488.9,Working,-45.3,"LINESTRING (75.650000 18.910000, 75.727628 18.835427)"
PIPE_059,TNK_04,VIL_041,Secondary Feeder,19.92,200,2500000.0,0.0,Working,-45.3,"LINESTRING (75.840000 18.980000, 75.727628 18.835427)"
PIPE_060,TNK_03,VIL_042,Secondary,10.12,400,8000000.0,4987041.6,Working,-44.9,"LINESTRING (76.080000 19.160000, 76.010724 19.096624)"
PIPE_061,TNK_04,VIL_043,Secondary,25.44,250,3125000.0,2205739.1,Working,-29.4,"LINESTRING (75.840000 18.980000, 75.946290 18.774072)"
PIPE_062,TNK_03,VIL_044,Secondary,25.51,350,6125000.0,4402540.7,Working,48.8,"LINESTRING (76.080000 19.160000, 76.121049 19.386524)"
PIPE_063,TNK_04,VIL_045,Secondary,5.51,300,4500000.0,3116118.2,Working,36.1,"LINESTRING (75.840000 18.980000, 75.830550 18.931146)"
