date,source_id,initial_storage_l,inflow_l,outflow_l,reserved_water_l,loss_l,available_water_l
2025-04-01,SRC_001,85000000000.0,2744101.7,65182163.8,15000000000.0,25500000.0,69912061937.9
2025-04-01,SRC_002,28000000000.0,2065915.4,34235029.8,5000000000.0,8400000.0,22959430885.6
2025-04-01,SRC_003,8000000000.0,280556.0,10485823.2,1000000000.0,2400000.0,6987394732.8
2025-04-02,SRC_001,84912061937.9,1961036.6,53239135.7,15000000000.0,25473618.6,69835310220.2
2025-04-02,SRC_002,27959430885.6,2342305.2,29532740.6,5000000000.0,8387829.3,22923852620.9
2025-04-02,SRC_003,7987394732.8,185422.7,6106704.4,1000000000.0,2396218.4,6979077232.7
2025-04-03,SRC_001,84835310220.2,2997353.9,71987325.3,15000000000.0,25450593.1,69740869655.7
2025-04-03,SRC_002,27923852620.9,952580.1,20671309.7,5000000000.0,8377155.8,22895756735.5
2025-04-03,SRC_003,7979077232.7,347116.8,7100924.6,1000000000.0,2393723.2,6969929701.7
2025-04-04,SRC_001,84740869655.7,593201.6,83916390.9,15000000000.0,25422260.9,69632124205.5
2025-04-04,SRC_002,27895756735.5,2289615.6,21192033.0,5000000000.0,8368727.0,22868485591.1
2025-04-04,SRC_003,7969929701.7,123396.6,9890167.3,1000000000.0,2390978.9,6957771952.1
2025-04-05,SRC_001,84632124205.5,1190465.7,61877857.0,15000000000.0,25389637.3,69546047176.9
2025-04-05,SRC_002,27868485591.1,1184923.4,18505352.4,5000000000.0,8360545.7,22842804616.4
2025-04-05,SRC_003,7957771952.1,254795.9,13719153.0,1000000000.0,2387331.6,6941920263.4
2025-04-06,SRC_001,84546047176.9,1165569.7,58478165.4,15000000000.0,25363814.2,69463370767.0
2025-04-06,SRC_002,27842804616.4,1323105.1,24605776.4,5000000000.0,8352841.4,22811169103.7
2025-04-06,SRC_003,7941920263.4,437402.2,9216980.7,1000000000.0,2382576.1,6930758108.8
2025-04-07,SRC_001,84463370767.0,2515369.9,46325666.0,15000000000.0,25339011.2,69394221459.7
2025-04-07,SRC_002,27811169103.7,2737268.0,18706081.7,5000000000.0,8343350.7,22786856939.3
2025-04-07,SRC_003,7930758108.8,115680.6,7266835.8,1000000000.0,2379227.4,6921227726.2
2025-04-08,SRC_001,84394221459.7,976874.5,67967727.0,15000000000.0,25318266.4,69301912340.8
2025-04-08,SRC_002,27786856939.3,1624845.7,29317488.3,5000000000.0,8336057.1,22750828239.6
2025-04-08,SRC_003,7921227726.2,120380.4,9981650.0,1000000000.0,2376368.3,6908990088.3
2025-04-09,SRC_001,84301912340.8,1331178.1,74688848.3,15000000000.0,25290573.7,69203264096.9
2025-04-09,SRC_002,27750828239.6,609249.3,15698696.2,5000000000.0,8325248.5,22727413544.2
2025-04-09,SRC_003,7908990088.3,270900.6,12490715.8,1000000000.0,2372697.0,6894397576.1
2025-04-10,SRC_001,84203264096.9,2177735.2,40918835.1,15000000000.0,25260979.2,69139262017.8
2025-04-10,SRC_002,27727413544.2,946180.2,19534629.3,5000000000.0,8318224.1,22700506871.0
2025-04-10,SRC_003,7894397576.1,269223.6,10693725.5,1000000000.0,2368319.3,6881604754.9
2025-04-11,SRC_001,84139262017.8,1041150.4,61038282.3,15000000000.0,25241778.6,69054023107.3
2025-04-11,SRC_002,27700506871.0,1959858.5,22668706.1,5000000000.0,8310152.1,22671487871.3
2025-04-11,SRC_003,7881604754.9,157267.8,9933289.0,1000000000.0,2364481.4,6869464252.3
2025-04-12,SRC_001,84054023107.3,1309985.5,87530359.9,15000000000.0,25216206.9,68942586526.0
2025-04-12,SRC_002,27671487871.3,2439062.3,18805501.8,5000000000.0,8301446.4,22646819985.4
2025-04-12,SRC_003,7869464252.3,161054.3,8781413.4,1000000000.0,2360839.3,6858483053.9
2025-04-13,SRC_001,83942586526.0,1530436.3,91260998.3,15000000000.0,25182776.0,68827673188.0
2025-04-13,SRC_002,27646819985.4,1254051.8,32351687.1,5000000000.0,8294046.0,22607428304.1
2025-04-13,SRC_003,7858483053.9,302123.7,13084989.8,1000000000.0,2357544.9,6843342642.9
2025-04-14,SRC_001,83827673188.0,2254884.4,78961393.2,15000000000.0,25148302.0,68725818377.2
2025-04-14,SRC_002,27607428304.1,1796993.7,31806080.8,5000000000.0,8282228.5,22569136988.5
2025-04-14,SRC_003,7843342642.9,201769.9,13258810.2,1000000000.0,2353002.8,6827932599.8
2025-04-15,SRC_001,83725818377.2,2091939.6,64128989.6,15000000000.0,25117745.5,68638663581.7
2025-04-15,SRC_002,27569136988.5,2955474.8,32240282.1,5000000000.0,8270741.1,22531581440.1
2025-04-15,SRC_003,7827932599.8,408808.4,8191219.8,1000000000.0,2348379.8,6817801808.6
2025-04-16,SRC_001,83638663581.7,2934351.8,80864312.7,15000000000.0,25091599.1,68535642021.7
2025-04-16,SRC_002,27531581440.1,2013043.2,33435984.6,5000000000.0,8259474.4,22491899024.3
2025-04-16,SRC_003,7817801808.6,164872.7,7112128.4,1000000000.0,2345340.5,6808509212.4
2025-04-17,SRC_001,83535642021.7,1909283.5,43119247.8,15000000000.0,25060692.6,68469371364.8
2025-04-17,SRC_002,27491899024.3,2159967.2,19814822.8,5000000000.0,8247569.7,22465996599.0
2025-04-17,SRC_003,7808509212.4,147610.6,9275966.8,1000000000.0,2342552.8,6797038303.4
2025-04-18,SRC_001,83469371364.8,1664874.1,49376667.5,15000000000.0,25040811.4,68396618760.0
2025-04-18,SRC_002,27465996599.0,603838.2,23281111.8,5000000000.0,8239799.0,22435079526.4
2025-04-18,SRC_003,7797038303.4,403810.5,12993598.2,1000000000.0,2339111.5,6782109404.2
2025-04-19,SRC_001,83396618760.0,743870.7,68857150.5,15000000000.0,25018985.6,68303486494.6
2025-04-19,SRC_002,27435079526.4,1158507.5,22492677.4,5000000000.0,8230523.9,22405514832.6
2025-04-19,SRC_003,7782109404.2,473376.7,8816598.2,1000000000.0,2334632.8,6771431549.9
2025-04-20,SRC_001,83303486494.6,1413364.8,51516770.4,15000000000.0,24991045.9,68228392043.1
2025-04-20,SRC_002,27405514832.6,2900046.0,24129747.1,5000000000.0,8221654.4,22376063477.1
2025-04-20,SRC_003,7771431549.9,328156.9,9625344.7,1000000000.0,2331429.5,6759802932.6
2025-04-21,SRC_001,83228392043.1,1132297.7,84572693.7,15000000000.0,24968517.6,68119983129.5
2025-04-21,SRC_002,27376063477.1,571178.1,28804868.6,5000000000.0,8212819.0,22339616967.6
2025-04-21,SRC_003,7759802932.6,337709.1,7154245.2,1000000000.0,2327940.9,6750658455.6
2025-04-22,SRC_001,83119983129.5,914762.6,76257407.3,15000000000.0,24935994.9,68019704489.9
2025-04-22,SRC_002,27339616967.6,1280347.0,20314761.6,5000000000.0,8201885.1,22312380667.9
2025-04-22,SRC_003,7750658455.6,123662.4,12131864.7,1000000000.0,2325197.5,6736325055.8
2025-04-23,SRC_001,83019704489.9,2706679.8,85091439.3,15000000000.0,24905911.3,67912413819.1
2025-04-23,SRC_002,27312380667.9,1665085.3,25679128.2,5000000000.0,8193714.2,22280172910.8
2025-04-23,SRC_003,7736325055.8,196910.5,7382837.9,1000000000.0,2320897.5,6726818230.9
2025-04-24,SRC_001,82912413819.1,2557502.9,83908928.8,15000000000.0,24873724.1,67806188669.1
2025-04-24,SRC_002,27280172910.8,2443399.6,24267186.1,5000000000.0,8184051.9,22250165072.4
2025-04-24,SRC_003,7726818230.9,445803.1,13409856.6,1000000000.0,2318045.5,6711536131.9
2025-04-25,SRC_001,82806188669.1,1320860.9,52358197.0,15000000000.0,24841856.6,67730309476.4
2025-04-25,SRC_002,27250165072.4,1660657.6,18586527.1,5000000000.0,8175049.5,22225064153.4
2025-04-25,SRC_003,7711536131.9,453601.2,8703924.0,1000000000.0,2313460.8,6700972348.3
2025-04-26,SRC_001,82730309476.4,1940429.5,72709572.3,15000000000.0,24819092.8,67634721240.8
2025-04-26,SRC_002,27225064153.4,1787469.7,18130514.2,5000000000.0,8167519.2,22200553589.7
2025-04-26,SRC_003,7700972348.3,496400.3,7380825.8,1000000000.0,2310291.7,6691777631.1
2025-04-27,SRC_001,82634721240.8,2378768.4,83524958.1,15000000000.0,24790416.4,67528784634.7
2025-04-27,SRC_002,27200553589.7,862909.3,33663270.2,5000000000.0,8160166.1,22159593062.7
2025-04-27,SRC_003,7691777631.1,295103.5,11031063.7,1000000000.0,2307533.3,6678734137.6
2025-04-28,SRC_001,82528784634.7,2105465.1,67772531.9,15000000000.0,24758635.4,67438358932.5
2025-04-28,SRC_002,27159593062.7,855055.1,30035067.2,5000000000.0,8147877.9,22122265172.7
2025-04-28,SRC_003,7678734137.6,332714.3,6949444.9,1000000000.0,2303620.2,6669813786.8
2025-04-29,SRC_001,82438358932.5,2250804.9,78651979.3,15000000000.0,24731507.7,67337226250.4
2025-04-29,SRC_002,27122265172.7,1871216.1,16810976.2,5000000000.0,8136679.6,22099188733.0
2025-04-29,SRC_003,7669813786.8,241057.6,6407392.9,1000000000.0,2300944.1,6661346507.4
2025-04-30,SRC_001,82337226250.4,1693990.0,89854592.3,15000000000.0,24701167.9,67224364480.2
2025-04-30,SRC_002,27099188733.0,505632.5,20332773.1,5000000000.0,8129756.6,22071231835.8
2025-04-30,SRC_003,7661346507.4,419943.6,6078886.7,1000000000.0,2298404.0,6653389160.3
2025-05-01,SRC_001,82224364480.2,525433.6,73595022.2,15000000000.0,24667309.3,67126627582.3
2025-05-01,SRC_002,27071231835.8,2472999.4,30530108.3,5000000000.0,8121369.6,22035053357.3
2025-05-01,SRC_003,7653389160.3,411831.2,8888050.8,1000000000.0,2296016.7,6642616924.0
2025-05-02,SRC_001,82126627582.3,2706810.4,40705958.1,15000000000.0,24637988.3,67063990446.3
2025-05-02,SRC_002,27035053357.3,1280471.8,21743753.9,5000000000.0,8110516.0,22006479559.2
2025-05-02,SRC_003,7642616924.0,166228.5,8689807.8,1000000000.0,2292785.1,6631800559.6
2025-05-03,SRC_001,82063990446.3,1964710.3,68615362.2,15000000000.0,24619197.1,66972720597.3
2025-05-03,SRC_002,27006479559.2,1298568.4,29986550.3,5000000000.0,8101943.9,21969689633.4
2025-05-03,SRC_003,7631800559.6,385916.2,8245571.8,1000000000.0,2289540.2,6621651363.8
2025-05-04,SRC_001,81972720597.3,1308071.0,55813610.9,15000000000.0,24591816.2,66893623241.2
2025-05-04,SRC_002,26969689633.4,822127.9,30055632.9,5000000000.0,8090906.9,21932365221.5
2025-05-04,SRC_003,7621651363.8,118510.6,7204644.0,1000000000.0,2286495.4,6612278735.0
2025-05-05,SRC_001,81893623241.2,763261.3,85393643.7,15000000000.0,24568087.0,66784424771.8
2025-05-05,SRC_002,26932365221.5,610021.3,28292545.8,5000000000.0,8079709.6,21896602987.4
2025-05-05,SRC_003,7612278735.0,117789.8,12291547.2,1000000000.0,2283683.6,6597821294.0
2025-05-06,SRC_001,81784424771.8,2781785.2,66776374.1,15000000000.0,24535327.4,66695894855.5
2025-05-06,SRC_002,26896602987.4,2511354.5,29128210.7,5000000000.0,8068980.9,21861917150.3
2025-05-06,SRC_003,7597821294.0,418254.1,12134201.6,1000000000.0,2279346.4,6583826000.1
2025-05-07,SRC_001,81695894855.5,1013419.7,67475745.6,15000000000.0,24508768.5,66604923761.1
2025-05-07,SRC_002,26861917150.3,2901035.5,21870658.9,5000000000.0,8058575.1,21834888951.8
2025-05-07,SRC_003,7583826000.1,488194.8,10665293.7,1000000000.0,2275147.8,6571373753.4
2025-05-08,SRC_001,81604923761.1,1654028.5,76176660.6,15000000000.0,24481477.1,66505919651.9
2025-05-08,SRC_002,26834888951.8,2539597.9,22884163.1,5000000000.0,8050466.7,21806493919.9
2025-05-08,SRC_003,7571373753.4,113181.7,11670450.4,1000000000.0,2271412.1,6557545072.6
2025-05-09,SRC_001,81505919651.9,2890417.0,74374265.8,15000000000.0,24451775.9,66409984027.2
2025-05-09,SRC_002,26806493919.9,971036.2,19964850.6,5000000000.0,8041948.2,21779458157.3
2025-05-09,SRC_003,7557545072.6,463900.3,6108496.8,1000000000.0,2267263.5,6549633212.6
2025-05-10,SRC_001,81409984027.2,1871866.7,48727270.5,15000000000.0,24422995.2,66338705628.2
2025-05-10,SRC_002,26779458157.3,1206911.1,21139633.0,5000000000.0,8033837.4,21751491598.0
2025-05-10,SRC_003,7549633212.6,187713.1,12338816.5,1000000000.0,2264890.0,6535217219.2
2025-05-11,SRC_001,81338705628.2,1330522.9,59001674.5,15000000000.0,24401611.7,66256632864.9
2025-05-11,SRC_002,26751491598.0,1632517.0,33045905.8,5000000000.0,8025447.5,21712052761.7
2025-05-11,SRC_003,7535217219.2,375269.2,6493997.6,1000000000.0,2260565.2,6526837925.6
2025-05-12,SRC_001,81256632864.9,598154.8,71151407.6,15000000000.0,24376989.9,66161702622.2
2025-05-12,SRC_002,26712052761.7,2717651.4,21465029.5,5000000000.0,8013615.8,21685291767.8
2025-05-12,SRC_003,7526837925.6,199108.7,11985528.4,1000000000.0,2258051.4,6512793454.5
2025-05-13,SRC_001,81161702622.2,2005228.4,71076503.8,15000000000.0,24348510.8,66068282836.0
2025-05-13,SRC_002,26685291767.8,873253.0,18519226.4,5000000000.0,8005587.5,21659640206.9
2025-05-13,SRC_003,7512793454.5,212715.1,7654711.5,1000000000.0,2253838.0,6503097620.1
2025-05-14,SRC_001,81068282836.0,2928611.9,41023605.9,15000000000.0,24320484.9,66005867357.1
2025-05-14,SRC_002,26659640206.9,2065140.8,25351976.5,5000000000.0,7997892.1,21628355479.1
2025-05-14,SRC_003,7503097620.1,229300.5,13100709.7,1000000000.0,2250929.3,6487975281.6
2025-05-15,SRC_001,81005867357.1,2175406.4,94909489.3,15000000000.0,24301760.2,65888831514.0
2025-05-15,SRC_002,26628355479.1,921639.9,16757356.7,5000000000.0,7988506.6,21604531255.7
2025-05-15,SRC_003,7487975281.6,155758.9,8154327.7,1000000000.0,2246392.6,6477730320.2
2025-05-16,SRC_001,80888831514.0,1541967.5,87443180.7,15000000000.0,24266649.5,65778663651.3
2025-05-16,SRC_002,26604531255.7,1208979.4,33304866.2,5000000000.0,7981359.4,21564454009.5
2025-05-16,SRC_003,7477730320.2,285163.1,11176560.1,1000000000.0,2243319.1,6464595604.1
2025-05-17,SRC_001,80778663651.3,1161019.3,48580759.9,15000000000.0,24233599.1,65707010311.6
2025-05-17,SRC_002,26564454009.5,2673642.4,17190123.6,5000000000.0,7969336.2,21541968192.1
2025-05-17,SRC_003,7464595604.1,409608.5,10647874.4,1000000000.0,2239378.7,6452117959.5
2025-05-18,SRC_001,80707010311.6,2652844.5,79480012.7,15000000000.0,24212103.1,65605971040.3
2025-05-18,SRC_002,26541968192.1,1204160.3,26488551.9,5000000000.0,7962590.5,21508721210.0
2025-05-18,SRC_003,7452117959.5,105229.4,9801746.7,1000000000.0,2235635.4,6440185806.8
2025-05-19,SRC_001,80605971040.3,715034.1,63591974.9,15000000000.0,24181791.3,65518912308.2
2025-05-19,SRC_002,26508721210.0,774029.5,34109596.1,5000000000.0,7952616.4,21467433027.0
2025-05-19,SRC_003,7440185806.8,309227.2,13305743.9,1000000000.0,2232055.7,6424957234.4
2025-05-20,SRC_001,80518912308.2,555915.6,75070930.6,15000000000.0,24155673.7,65420241619.5
2025-05-20,SRC_002,26467433027.0,1267386.3,23636579.9,5000000000.0,7940229.9,21437123603.5
2025-05-20,SRC_003,7424957234.4,449235.0,13840168.8,1000000000.0,2227487.2,6409338813.4
2025-05-21,SRC_001,80420241619.5,1116229.9,92153930.7,15000000000.0,24126072.5,65305077846.2
2025-05-21,SRC_002,26437123603.5,2221817.4,34028278.3,5000000000.0,7931137.1,21397386005.5
2025-05-21,SRC_003,7409338813.4,324946.8,13686050.3,1000000000.0,2222801.6,6393754908.3
2025-05-22,SRC_001,80305077846.2,2731138.6,47072545.8,15000000000.0,24091523.4,65236644915.6
2025-05-22,SRC_002,26397386005.5,1276974.8,19861263.8,5000000000.0,7919215.8,21370882500.7
2025-05-22,SRC_003,7393754908.3,328839.7,12422395.5,1000000000.0,2218126.5,6379443226.0
2025-05-23,SRC_001,80236644915.6,2398528.6,79971202.3,15000000000.0,24070993.5,65135001248.4
2025-05-23,SRC_002,26370882500.7,1438162.2,17792737.6,5000000000.0,7911264.8,21346616660.5
2025-05-23,SRC_003,7379443226.0,184233.4,11933419.7,1000000000.0,2213833.0,6365480206.7
2025-05-24,SRC_001,80135001248.4,868835.8,52262068.8,15000000000.0,24040500.4,65059567515.0
2025-05-24,SRC_002,26346616660.5,1561381.6,16442248.6,5000000000.0,7903985.0,21323831808.5
2025-05-24,SRC_003,7365480206.7,185076.8,7198145.0,1000000000.0,2209644.1,6356257494.4
2025-05-25,SRC_001,80059567515.0,2878304.5,50533923.7,15000000000.0,24017870.3,64987894025.5
2025-05-25,SRC_002,26323831808.5,2654424.3,17295963.8,5000000000.0,7897149.5,21301293119.5
2025-05-25,SRC_003,7356257494.4,447869.3,10795470.3,1000000000.0,2206877.2,6343703016.2
2025-05-26,SRC_001,79987894025.5,2624264.8,87704177.9,15000000000.0,23996368.2,64878817744.2
2025-05-26,SRC_002,26301293119.5,1990933.8,33353883.1,5000000000.0,7890387.9,21262039782.3
2025-05-26,SRC_003,7343703016.2,334179.3,11700520.6,1000000000.0,2203110.9,6330133564.0
2025-05-27,SRC_001,79878817744.2,1540201.2,90273723.2,15000000000.0,23963645.3,64766120576.9
2025-05-27,SRC_002,26262039782.3,2560406.3,18334262.2,5000000000.0,7878611.9,21238387314.5
2025-05-27,SRC_003,7330133564.0,330555.1,13174618.6,1000000000.0,2199040.1,6315090460.4
2025-05-28,SRC_001,79766120576.9,2482661.2,92940402.9,15000000000.0,23929836.2,64651732999.0
2025-05-28,SRC_002,26238387314.5,1078254.2,22349192.7,5000000000.0,7871516.2,21209244859.8
2025-05-28,SRC_003,7315090460.4,302876.8,7861353.4,1000000000.0,2194527.1,6305337456.7
2025-05-29,SRC_001,79651732999.0,1485113.1,69564656.2,15000000000.0,23895519.9,64559757936.0
2025-05-29,SRC_002,26209244859.8,978348.0,20133756.4,5000000000.0,7862773.5,21182226677.9
2025-05-29,SRC_003,7305337456.7,149937.0,11707051.3,1000000000.0,2191601.2,6291588741.2
2025-05-30,SRC_001,79559757936.0,1403879.8,52114638.4,15000000000.0,23867927.4,64485179250.0
2025-05-30,SRC_002,26182226677.9,1768310.4,16364986.1,5000000000.0,7854668.0,21159775334.2
2025-05-30,SRC_003,7291588741.2,469362.6,8355740.2,1000000000.0,2187476.6,6281514887.0
2025-05-31,SRC_001,79485179250.0,2716160.9,67369103.6,15000000000.0,23845553.8,64396680753.5
2025-05-31,SRC_002,26159775334.2,2625376.2,19941288.8,5000000000.0,7847932.6,21134611489.0
2025-05-31,SRC_003,7281514887.0,170108.2,12795294.4,1000000000.0,2184454.5,6266705246.3
2025-06-01,SRC_001,79396680753.5,1032309.7,81040744.2,15000000000.0,23819004.2,64292853314.8
2025-06-01,SRC_002,26134611489.0,1361459.5,29963874.5,5000000000.0,7840383.4,21098168690.6
2025-06-01,SRC_003,7266705246.3,463058.5,13853107.5,1000000000.0,2180011.6,6251135185.7
2025-06-02,SRC_001,79292853314.8,1399523.7,60213920.9,15000000000.0,23787856.0,64210251061.6
2025-06-02,SRC_002,26098168690.6,2953469.3,32230562.6,5000000000.0,7829450.6,21061062146.7
2025-06-02,SRC_003,7251135185.7,118036.8,10587599.9,1000000000.0,2175340.6,6238490282.0
2025-06-03,SRC_001,79210251061.6,953111.9,94670689.5,15000000000.0,23763075.3,64092770408.7
2025-06-03,SRC_002,26061062146.7,847307.5,26186952.3,5000000000.0,7818318.6,21027904183.3
2025-06-03,SRC_003,7238490282.0,366079.3,13496517.2,1000000000.0,2171547.1,6223188297.0
2025-06-04,SRC_001,79092770408.7,2618145.8,53516512.4,15000000000.0,23727831.1,64018144211.0
2025-06-04,SRC_002,26027904183.3,1931559.9,34071479.2,5000000000.0,7808371.3,20987955892.7
2025-06-04,SRC_003,7223188297.0,394286.7,11506690.8,1000000000.0,2166956.5,6209908936.4
2025-06-05,SRC_001,79018144211.0,2387252.7,57737840.4,15000000000.0,23705443.3,63939088180.0
2025-06-05,SRC_002,25987955892.7,2323130.7,19657095.0,5000000000.0,7796386.8,20962825541.6
2025-06-05,SRC_003,7209908936.4,271241.1,13119430.5,1000000000.0,2162972.7,6194897774.3
2025-06-06,SRC_001,78939088180.0,547427.9,62787525.8,15000000000.0,23681726.5,63853166355.6
2025-06-06,SRC_002,25962825541.6,1167054.4,18971792.3,5000000000.0,7788847.7,20937231956.0
2025-06-06,SRC_003,7194897774.3,435430.2,11571988.6,1000000000.0,2158469.3,6181602746.6
2025-06-07,SRC_001,78853166355.6,781581.8,67195483.0,15000000000.0,23655949.9,63763096504.5
2025-06-07,SRC_002,25937231956.0,1667264.4,17850555.9,5000000000.0,7781169.6,20913267494.9
2025-06-07,SRC_003,7181602746.6,419905.1,8933391.8,1000000000.0,2154480.8,6170934779.1
2025-06-08,SRC_001,78763096504.5,2404844.4,50563443.8,15000000000.0,23628929.0,63691308976.1
2025-06-08,SRC_002,25913267494.9,1287683.7,16903419.0,5000000000.0,7773980.2,20889877779.4
2025-06-08,SRC_003,7170934779.1,157391.7,13065467.9,1000000000.0,2151280.4,6155875422.5
2025-06-09,SRC_001,78691308976.1,772781.6,45265216.4,15000000000.0,23607392.7,63623209148.6
2025-06-09,SRC_002,25889877779.4,2850943.3,27918069.2,5000000000.0,7766963.3,20857043690.2
2025-06-09,SRC_003,7155875422.5,140366.4,13773733.9,1000000000.0,2146762.6,6140095292.4
2025-06-10,SRC_001,78623209148.6,867750.0,82149014.9,15000000000.0,23586962.7,63518340921.0
2025-06-10,SRC_002,25857043690.2,587128.4,27490835.9,5000000000.0,7757113.1,20822382869.6
2025-06-10,SRC_003,7140095292.4,318681.5,7664030.5,1000000000.0,2142028.6,6130607914.8
2025-06-11,SRC_001,78518340921.0,2107865.4,73937914.6,15000000000.0,23555502.3,63422955369.5
2025-06-11,SRC_002,25822382869.6,2495879.3,32517481.2,5000000000.0,7746714.9,20784614552.8
2025-06-11,SRC_003,7130607914.8,304042.0,9922361.5,1000000000.0,2139182.4,6118850412.9
2025-06-12,SRC_001,78422955369.5,2053989.4,80106417.4,15000000000.0,23526886.6,63321376054.9
2025-06-12,SRC_002,25784614552.8,1390427.9,25092837.7,5000000000.0,7735384.4,20753176758.6
2025-06-12,SRC_003,7118850412.9,334041.7,13907024.7,1000000000.0,2135655.1,6103141774.8
2025-06-13,SRC_001,78321376054.9,1969280.5,52330260.3,15000000000.0,23496412.8,63247518662.3
2025-06-13,SRC_002,25753176758.6,1969974.6,31389991.7,5000000000.0,7725953.0,20716030788.5
2025-06-13,SRC_003,7103141774.8,442961.5,12402003.6,1000000000.0,2130942.5,6089051790.2
2025-06-14,SRC_001,78247518662.3,2720523.5,58412148.8,15000000000.0,23474255.6,63168352781.4
2025-06-14,SRC_002,25716030788.5,1768926.6,30591821.9,5000000000.0,7714809.2,20679493084.0
2025-06-14,SRC_003,7089051790.2,205780.0,8972651.5,1000000000.0,2126715.5,6078158203.2
2025-06-15,SRC_001,78168352781.4,2577889.1,82354710.7,15000000000.0,23450505.8,63065125454.0
2025-06-15,SRC_002,25679493084.0,2927998.9,34919481.2,5000000000.0,7703847.9,20639797753.8
2025-06-15,SRC_003,7078158203.2,196297.8,13203599.9,1000000000.0,2123447.5,6063027453.6
2025-06-16,SRC_001,78065125454.0,736288.8,79039011.5,15000000000.0,23419537.6,62963403193.7
2025-06-16,SRC_002,25639797753.8,1050248.5,21006223.1,5000000000.0,7691939.3,20612149839.9
2025-06-16,SRC_003,7063027453.6,478528.5,8105209.9,1000000000.0,2118908.2,6053281864.0
2025-06-17,SRC_001,77963403193.7,2182944.7,49797067.9,15000000000.0,23389021.0,62892400049.5
2025-06-17,SRC_002,25612149839.9,733474.9,21786340.5,5000000000.0,7683645.0,20583413329.3
2025-06-17,SRC_003,7053281864.0,349678.4,7983561.2,1000000000.0,2115984.6,6043531996.6
2025-06-18,SRC_001,77892400049.5,1250422.0,78980140.0,15000000000.0,23367720.0,62791302611.5
2025-06-18,SRC_002,25583413329.3,756990.1,23938101.8,5000000000.0,7675024.0,20552557193.6
2025-06-18,SRC_003,7043531996.6,476693.8,9175773.3,1000000000.0,2113059.6,6032719857.5
2025-06-19,SRC_001,77791302611.5,1585502.6,80601236.7,15000000000.0,23337390.8,62688949486.6
2025-06-19,SRC_002,25552557193.6,2447528.8,30392127.8,5000000000.0,7665767.2,20516946827.4
2025-06-19,SRC_003,7032719857.5,499146.8,6571608.7,1000000000.0,2109816.0,6024537579.6
2025-06-20,SRC_001,77688949486.6,2955633.2,92260428.9,15000000000.0,23306684.8,62576338006.1
2025-06-20,SRC_002,25516946827.4,2630347.3,24082511.5,5000000000.0,7655084.0,20487839579.2
2025-06-20,SRC_003,7024537579.6,448360.9,7766659.3,1000000000.0,2107361.3,6015111919.9
2025-06-21,SRC_001,77576338006.1,2479139.6,50188106.7,15000000000.0,23272901.4,62505356137.6
2025-06-21,SRC_002,25487839579.2,2538405.0,27290582.7,5000000000.0,7646351.9,20455441049.6
2025-06-21,SRC_003,7015111919.9,139212.5,13162556.4,1000000000.0,2104533.6,5999984042.4
2025-06-22,SRC_001,77505356137.6,1944893.0,76093655.3,15000000000.0,23251606.8,62407955768.5
2025-06-22,SRC_002,25455441049.6,1208775.1,32432710.1,5000000000.0,7636632.3,20416580482.3
2025-06-22,SRC_003,6999984042.4,318080.3,9368962.3,1000000000.0,2099995.2,5988833165.2
2025-06-23,SRC_001,77407955768.5,1835704.4,78682219.5,15000000000.0,23222386.7,62307886866.7
2025-06-23,SRC_002,25416580482.3,2237619.7,22151542.0,5000000000.0,7624974.1,20389041585.9
2025-06-23,SRC_003,6988833165.2,254103.3,10497905.5,1000000000.0,2096649.9,5976492713.1
2025-06-24,SRC_001,77307886866.7,2811017.8,80998664.7,15000000000.0,23192366.1,62206506853.7
2025-06-24,SRC_002,25389041585.9,1476037.5,21740652.5,5000000000.0,7616712.5,20361160258.4
2025-06-24,SRC_003,6976492713.1,309454.7,12959931.0,1000000000.0,2092947.8,5961749289.0
2025-06-25,SRC_001,77206506853.7,521698.1,79076733.8,15000000000.0,23161952.1,62104789865.9
2025-06-25,SRC_002,25361160258.4,1236280.6,19167949.6,5000000000.0,7608348.1,20335620241.3
2025-06-25,SRC_003,6961749289.0,104855.2,13172725.0,1000000000.0,2088524.8,5946592894.4
2025-06-26,SRC_001,77104789865.9,2780621.2,43377959.3,15000000000.0,23131437.0,62041061090.8
2025-06-26,SRC_002,25335620241.3,1804538.3,18051489.2,5000000000.0,7600686.1,20311772604.3
2025-06-26,SRC_003,6946592894.4,403475.0,11323131.8,1000000000.0,2083977.9,5933589259.7
2025-06-27,SRC_001,77041061090.8,1242827.0,46432815.5,15000000000.0,23112318.3,61972758784.0
2025-06-27,SRC_002,25311772604.3,2578051.7,28485049.6,5000000000.0,7593531.8,20278272074.6
2025-06-27,SRC_003,6933589259.7,102728.0,11022974.2,1000000000.0,2080076.8,5920588936.7
2025-06-28,SRC_001,76972758784.0,2525740.1,72492243.3,15000000000.0,23091827.6,61879700453.2
2025-06-28,SRC_002,25278272074.6,1561784.2,26678367.6,5000000000.0,7583481.6,20245572009.6
2025-06-28,SRC_003,6920588936.7,347884.8,11120277.0,1000000000.0,2076176.7,5907740367.8
2025-06-29,SRC_001,76879700453.2,2917612.6,49825628.3,15000000000.0,23063910.1,61809728527.4
2025-06-29,SRC_002,25245572009.6,2057732.8,18759866.4,5000000000.0,7573671.6,20221296204.4
2025-06-29,SRC_003,6907740367.8,183982.7,11354063.1,1000000000.0,2072322.1,5894497965.3
