source_id,date,ph,turbidity_ntu,tds_mg_l,temperature_c,quality_index
SRC_001,2025-04-01,7.74,3.1,374.0,25.4,86.7
SRC_002,2025-04-01,7.35,9.3,439.3,27.0,78.7
SRC_003,2025-04-01,7.24,2.0,573.5,25.7,84.0
SRC_001,2025-04-04,7.24,3.8,346.1,24.5,91.0
SRC_002,2025-04-04,7.56,8.9,376.1,29.4,84.7
SRC_003,2025-04-04,7.45,1.2,727.8,24.6,84.5
SRC_001,2025-04-07,7.25,5.3,366.3,25.2,84.8
SRC_002,2025-04-07,7.3,6.9,427.2,28.7,75.9
SRC_003,2025-04-07,7.23,1.8,545.2,24.5,78.0
SRC_001,2025-04-10,7.55,3.0,337.0,24.8,94.0
SRC_002,2025-04-10,8.02,7.4,405.2,26.2,82.7
SRC_003,2025-04-10,7.07,2.3,456.1,23.4,80.4
SRC_001,2025-04-13,7.18,4.9,228.1,27.9,91.1
SRC_002,2025-04-13,7.42,8.4,410.4,28.3,77.6
SRC_003,2025-04-13,6.82,1.3,603.8,25.9,86.6
SRC_001,2025-04-16,7.23,5.4,369.9,24.0,90.7
SRC_002,2025-04-16,7.66,9.8,441.1,29.4,76.0
SRC_003,2025-04-16,7.35,1.3,593.8,25.9,85.2
SRC_001,2025-04-19,7.32,5.0,228.0,25.2,90.6
SRC_002,2025-04-19,7.77,8.3,458.2,26.8,72.4
SRC_003,2025-04-19,7.11,2.6,732.7,24.2,76.3
SRC_001,2025-04-22,7.55,5.5,267.1,26.1,93.9
SRC_002,2025-04-22,7.78,7.5,445.5,25.8,74.8
SRC_003,2025-04-22,7.45,1.3,552.6,24.6,86.8
SRC_001,2025-04-25,7.65,2.7,330.9,26.3,87.7
SRC_002,2025-04-25,7.89,6.4,516.3,27.9,77.1
SRC_003,2025-04-25,7.22,1.2,659.2,23.1,80.1
SRC_001,2025-04-28,7.62,5.7,260.5,26.4,88.3
SRC_002,2025-04-28,7.62,6.6,460.6,26.1,84.8
SRC_003,2025-04-28,7.17,2.5,545.9,25.4,77.4
SRC_001,2025-05-01,7.64,4.0,295.2,24.8,82.2
SRC_002,2025-05-01,7.87,9.1,444.5,26.1,75.3
SRC_003,2025-05-01,7.38,2.3,561.1,24.9,85.9
SRC_001,2025-05-04,7.72,2.5,350.2,25.6,90.6
SRC_002,2025-05-04,7.57,9.2,449.4,26.8,79.2
SRC_003,2025-05-04,7.31,1.8,454.6,23.0,83.9
SRC_001,2025-05-07,7.69,5.6,269.7,26.1,84.8
SRC_002,2025-05-07,8.19,6.8,403.3,28.1,84.3
SRC_003,2025-05-07,6.84,1.4,637.8,24.9,76.8
SRC_001,2025-05-10,7.56,4.6,352.4,25.0,84.3
SRC_002,2025-05-10,7.99,9.9,478.3,28.5,73.5
SRC_003,2025-05-10,7.0,1.3,758.4,24.5,77.3
SRC_001,2025-05-13,7.3,6.0,355.5,28.1,86.7
SRC_002,2025-05-13,7.84,6.9,356.2,25.1,75.1
SRC_003,2025-05-13,7.22,2.6,494.0,25.8,80.1
SRC_001,2025-05-16,7.4,4.0,285.4,25.2,90.4
SRC_002,2025-05-16,7.96,10.8,388.3,28.4,80.9
SRC_003,2025-05-16,7.47,1.6,777.5,25.2,85.3
SRC_001,2025-05-19,7.12,4.5,304.5,24.2,85.7
SRC_002,2025-05-19,8.16,8.0,357.3,27.3,72.5
SRC_003,2025-05-19,7.16,2.0,568.0,25.3,77.6
SRC_001,2025-05-22,7.71,6.3,220.2,27.8,88.1
SRC_002,2025-05-22,7.66,6.7,409.5,29.3,75.0
SRC_003,2025-05-22,6.93,1.3,632.1,25.8,82.9
SRC_001,2025-05-25,7.27,4.3,282.5,24.2,88.1
SRC_002,2025-05-25,7.33,10.9,429.8,28.8,85.4
SRC_003,2025-05-25,7.46,1.0,761.8,25.4,85.3
SRC_001,2025-05-28,7.16,3.2,376.0,25.0,84.0
SRC_002,2025-05-28,7.56,11.4,415.2,29.1,76.7
SRC_003,2025-05-28,6.96,1.8,653.1,24.2,80.2
SRC_001,2025-05-31,7.25,3.6,327.7,25.7,83.0
SRC_002,2025-05-31,7.34,7.6,504.9,26.7,72.8
SRC_003,2025-05-31,7.09,2.1,645.9,23.8,84.3
SRC_001,2025-06-03,7.54,3.2,245.9,26.5,89.9
SRC_002,2025-06-03,8.16,8.0,473.0,25.5,84.5
SRC_003,2025-06-03,7.24,2.1,497.0,23.1,84.4
SRC_001,2025-06-06,7.18,3.0,250.0,24.4,89.5
SRC_002,2025-06-06,7.62,6.9,408.1,28.8,85.0
SRC_003,2025-06-06,7.14,1.9,534.9,24.5,85.0
SRC_001,2025-06-09,7.44,3.7,313.1,28.3,92.7
SRC_002,2025-06-09,7.97,6.9,368.3,28.8,74.5
SRC_003,2025-06-09,7.22,1.7,604.4,24.4,86.8
SRC_001,2025-06-12,7.16,5.6,353.6,28.2,87.4
SRC_002,2025-06-12,7.7,11.7,411.7,27.3,76.7
SRC_003,2025-06-12,6.82,1.7,666.2,25.1,76.1
SRC_001,2025-06-15,7.66,4.5,303.3,28.3,85.4
SRC_002,2025-06-15,7.96,9.0,460.2,26.9,75.9
SRC_003,2025-06-15,7.18,1.5,523.6,25.5,81.7
SRC_001,2025-06-18,7.69,4.4,309.1,28.5,93.4
SRC_002,2025-06-18,7.47,11.1,398.1,25.3,80.1
SRC_003,2025-06-18,7.48,2.7,491.7,25.3,85.6
SRC_001,2025-06-21,7.36,5.1,298.1,25.0,91.1
SRC_002,2025-06-21,7.46,7.4,358.0,28.2,78.4
SRC_003,2025-06-21,7.11,2.0,501.9,25.7,81.6
SRC_001,2025-06-24,7.36,3.0,246.9,28.1,87.5
SRC_002,2025-06-24,7.92,5.6,448.7,29.1,76.2
SRC_003,2025-06-24,7.21,2.7,687.4,23.2,80.5
SRC_001,2025-06-27,7.16,5.9,319.5,28.3,82.2
SRC_002,2025-06-27,7.62,5.7,390.1,25.7,76.6
SRC_003,2025-06-27,7.37,1.1,606.3,25.8,88.0
