pipeline_id,scenario_id,flow_l_per_day,design_capacity_l,effective_capacity_l,utilization_percent,network_status
PIPE_001,SCN_01,2190440.0,80000000.0,80000000.0,2.74,Normal Flow
PIPE_002,SCN_01,0.0,60000000.0,60000000.0,0.0,Normal Flow
PIPE_003,SCN_01,4936470.0,50000000.0,50000000.0,9.87,Normal Flow
PIPE_004,SCN_01,4876620.0,55000000.0,55000000.0,8.87,Normal Flow
PIPE_005,SCN_01,0.0,35000000.0,35000000.0,0.0,Normal Flow
PIPE_006,SCN_01,4164790.0,25000000.0,25000000.0,16.66,Normal Flow
PIPE_007,SCN_01,0.0,30000000.0,30000000.0,0.0,Normal Flow
PIPE_008,SCN_01,2547090.0,30000000.0,30000000.0,8.49,Normal Flow
PIPE_009,SCN_01,0.0,20000000.0,20000000.0,0.0,Normal Flow
PIPE_010,SCN_01,0.0,4500000.0,4500000.0,0.0,Normal Flow
PIPE_011,SCN_01,556920.0,2500000.0,2500000.0,22.28,Normal Flow
PIPE_012,SCN_01,474670.0,8000000.0,8000000.0,5.93,Normal Flow
PIPE_013,SCN_01,272300.0,3125000.0,3125000.0,8.71,Normal Flow
PIPE_014,SCN_01,352800.0,8000000.0,8000000.0,4.41,Normal Flow
PIPE_015,SCN_01,155960.0,6125000.0,6125000.0,2.55,Normal Flow
PIPE_016,SCN_01,119140.0,6125000.0,6125000.0,1.95,Normal Flow
PIPE_017,SCN_01,0.0,2500000.0,2500000.0,0.0,Normal Flow
PIPE_018,SCN_01,567700.0,3125000.0,3125000.0,18.17,Normal Flow
PIPE_019,SCN_01,398510.0,6125000.0,6125000.0,6.51,Normal Flow
PIPE_020,SCN_01,144900.0,3125000.0,3125000.0,4.64,Normal Flow
PIPE_021,SCN_01,569660.0,4500000.0,4500000.0,12.66,Normal Flow
PIPE_022,SCN_01,0.0,4500000.0,4500000.0,0.0,Normal Flow
PIPE_023,SCN_01,398160.0,2500000.0,2500000.0,15.93,Normal Flow
PIPE_024,SCN_01,98420.0,3125000.0,3125000.0,3.15,Normal Flow
PIPE_025,SCN_01,443380.0,6125000.0,6125000.0,7.24,Normal Flow
PIPE_026,SCN_01,502390.0,8000000.0,8000000.0,6.28,Normal Flow
PIPE_027,SCN_01,576450.0,3125000.0,3125000.0,18.45,Normal Flow
PIPE_028,SCN_01,0.0,3125000.0,3125000.0,0.0,Normal Flow
PIPE_029,SCN_01,187880.0,2500000.0,2500000.0,7.52,Normal Flow
PIPE_030,SCN_01,144410.0,4500000.0,4500000.0,3.21,Normal Flow
PIPE_031,SCN_01,279300.0,8000000.0,8000000.0,3.49,Normal Flow
PIPE_032,SCN_01,123410.0,6125000.0,6125000.0,2.01,Normal Flow
PIPE_033,SCN_01,442120.0,3125000.0,3125000.0,14.15,Normal Flow
PIPE_034,SCN_01,377370.0,3125000.0,3125000.0,12.08,Normal Flow
PIPE_035,SCN_01,0.0,2500000.0,2500000.0,0.0,Normal Flow
PIPE_036,SCN_01,505330.0,3125000.0,3125000.0,16.17,Normal Flow
PIPE_037,SCN_01,206990.0,6125000.0,6125000.0,3.38,Normal Flow
PIPE_038,SCN_01,547960.0,6125000.0,6125000.0,8.95,Normal Flow
PIPE_039,SCN_01,530180.0,4500000.0,4500000.0,11.78,Normal Flow
PIPE_040,SCN_01,566440.0,4500000.0,4500000.0,12.59,Normal Flow
PIPE_041,SCN_01,0.0,2500000.0,2500000.0,0.0,Normal Flow
PIPE_042,SCN_01,201460.0,3125000.0,3125000.0,6.45,Normal Flow
PIPE_043,SCN_01,310940.0,3125000.0,3125000.0,9.95,Normal Flow
PIPE_044,SCN_01,408520.0,4500000.0,4500000.0,9.08,Normal Flow
PIPE_045,SCN_01,158130.0,3125000.0,3125000.0,5.06,Normal Flow
PIPE_046,SCN_01,550760.0,8000000.0,8000000.0,6.88,Normal Flow
PIPE_047,SCN_01,0.0,2500000.0,2500000.0,0.0,Normal Flow
PIPE_048,SCN_01,453530.0,4500000.0,4500000.0,10.08,Normal Flow
PIPE_049,SCN_01,204540.0,3125000.0,3125000.0,6.55,Normal Flow
PIPE_050,SCN_01,315980.0,3125000.0,3125000.0,10.11,Normal Flow
PIPE_051,SCN_01,304990.0,4500000.0,4500000.0,6.78,Normal Flow
PIPE_052,SCN_01,0.0,3125000.0,3125000.0,0.0,Normal Flow
PIPE_053,SCN_01,498050.0,2500000.0,2500000.0,19.92,Normal Flow
PIPE_054,SCN_01,267750.0,6125000.0,6125000.0,4.37,Normal Flow
PIPE_055,SCN_01,275030.0,3125000.0,3125000.0,8.8,Normal Flow
PIPE_056,SCN_01,553000.0,8000000.0,8000000.0,6.91,Normal Flow
PIPE_057,SCN_01,195790.0,6125000.0,6125000.0,3.2,Normal Flow
PIPE_058,SCN_01,298200.0,8000000.0,8000000.0,3.73,Normal Flow
PIPE_059,SCN_01,0.0,2500000.0,2500000.0,0.0,Normal Flow
PIPE_060,SCN_01,272510.0,8000000.0,8000000.0,3.41,Normal Flow
PIPE_061,SCN_01,426370.0,3125000.0,3125000.0,13.64,Normal Flow
PIPE_062,SCN_01,444290.0,6125000.0,6125000.0,7.25,Normal Flow
PIPE_063,SCN_01,485730.0,4500000.0,4500000.0,10.79,Normal Flow
PIPE_001,SCN_02,769040.3,80000000.0,80000000.0,0.96,Normal Flow
PIPE_002,SCN_02,6878979.3,60000000.0,60000000.0,11.46,Normal Flow
PIPE_003,SCN_02,0.0,50000000.0,50000000.0,0.0,Normal Flow
PIPE_004,SCN_02,3314141.8,55000000.0,55000000.0,6.03,Normal Flow
PIPE_005,SCN_02,0.0,35000000.0,35000000.0,0.0,Normal Flow
PIPE_006,SCN_02,1274669.9,25000000.0,25000000.0,5.1,Normal Flow
PIPE_007,SCN_02,0.0,30000000.0,30000000.0,0.0,Normal Flow
PIPE_008,SCN_02,4590461.7,30000000.0,30000000.0,15.3,Normal Flow
PIPE_009,SCN_02,1974595.6,20000000.0,20000000.0,9.87,Normal Flow
PIPE_010,SCN_02,0.0,4500000.0,4500000.0,0.0,Normal Flow
PIPE_011,SCN_02,602141.9,2500000.0,2500000.0,24.09,Normal Flow
PIPE_012,SCN_02,289657.8,8000000.0,8000000.0,3.62,Normal Flow
PIPE_013,SCN_02,0.0,3125000.0,3125000.0,0.0,Normal Flow
PIPE_014,SCN_02,381447.4,8000000.0,8000000.0,4.77,Normal Flow
PIPE_015,SCN_02,168624.0,6125000.0,6125000.0,2.75,Normal Flow
PIPE_016,SCN_02,0.0,6125000.0,6125000.0,0.0,Normal Flow
PIPE_017,SCN_02,0.0,2500000.0,2500000.0,0.0,Normal Flow
PIPE_018,SCN_02,613797.2,3125000.0,3125000.0,19.64,Normal Flow
PIPE_019,SCN_02,0.0,6125000.0,6125000.0,0.0,Normal Flow
PIPE_020,SCN_02,0.0,3125000.0,3125000.0,0.0,Normal Flow
PIPE_021,SCN_02,615916.4,4500000.0,4500000.0,13.69,Normal Flow
PIPE_022,SCN_02,0.0,4500000.0,4500000.0,0.0,Normal Flow
PIPE_023,SCN_02,430490.6,2500000.0,2500000.0,17.22,Normal Flow
PIPE_024,SCN_02,0.0,3125000.0,3125000.0,0.0,Normal Flow
PIPE_025,SCN_02,479382.5,6125000.0,6125000.0,7.83,Normal Flow
PIPE_026,SCN_02,543184.1,8000000.0,8000000.0,6.79,Normal Flow
PIPE_027,SCN_02,623257.7,3125000.0,3125000.0,19.94,Normal Flow
PIPE_028,SCN_02,0.0,3125000.0,3125000.0,0.0,Normal Flow
PIPE_029,SCN_02,203135.9,2500000.0,2500000.0,8.13,Normal Flow
PIPE_030,SCN_02,0.0,4500000.0,4500000.0,0.0,Normal Flow
PIPE_031,SCN_02,0.0,8000000.0,8000000.0,0.0,Normal Flow
PIPE_032,SCN_02,0.0,6125000.0,6125000.0,0.0,Normal Flow
PIPE_033,SCN_02,478020.1,3125000.0,3125000.0,15.3,Normal Flow
PIPE_034,SCN_02,408012.4,3125000.0,3125000.0,13.06,Normal Flow
PIPE_035,SCN_02,0.0,2500000.0,2500000.0,0.0,Normal Flow
PIPE_036,SCN_02,546362.8,3125000.0,3125000.0,17.48,Normal Flow
PIPE_037,SCN_02,223797.6,6125000.0,6125000.0,3.65,Normal Flow
PIPE_038,SCN_02,592454.4,6125000.0,6125000.0,9.67,Normal Flow
PIPE_039,SCN_02,573230.6,4500000.0,4500000.0,12.74,Normal Flow
PIPE_040,SCN_02,267785.1,4500000.0,4500000.0,5.95,Normal Flow
PIPE_041,SCN_02,344649.8,2500000.0,2500000.0,13.79,Normal Flow
PIPE_042,SCN_02,0.0,3125000.0,3125000.0,0.0,Normal Flow
PIPE_043,SCN_02,0.0,3125000.0,3125000.0,0.0,Normal Flow
PIPE_044,SCN_02,441691.8,4500000.0,4500000.0,9.82,Normal Flow
PIPE_045,SCN_02,0.0,3125000.0,3125000.0,0.0,Normal Flow
PIPE_046,SCN_02,0.0,8000000.0,8000000.0,0.0,Normal Flow
PIPE_047,SCN_02,0.0,2500000.0,2500000.0,0.0,Normal Flow
PIPE_048,SCN_02,490356.6,4500000.0,4500000.0,10.9,Normal Flow
PIPE_049,SCN_02,0.0,3125000.0,3125000.0,0.0,Normal Flow
PIPE_050,SCN_02,0.0,3125000.0,3125000.0,0.0,Normal Flow
PIPE_051,SCN_02,0.0,4500000.0,4500000.0,0.0,Normal Flow
PIPE_052,SCN_02,0.0,3125000.0,3125000.0,0.0,Normal Flow
PIPE_053,SCN_02,538491.7,2500000.0,2500000.0,21.54,Normal Flow
PIPE_054,SCN_02,0.0,6125000.0,6125000.0,0.0,Normal Flow
PIPE_055,SCN_02,297362.4,3125000.0,3125000.0,9.52,Normal Flow
PIPE_056,SCN_02,0.0,8000000.0,8000000.0,0.0,Normal Flow
PIPE_057,SCN_02,0.0,6125000.0,6125000.0,0.0,Normal Flow
PIPE_058,SCN_02,0.0,8000000.0,8000000.0,0.0,Normal Flow
PIPE_059,SCN_02,322413.8,2500000.0,2500000.0,12.9,Normal Flow
PIPE_060,SCN_02,294637.8,8000000.0,8000000.0,3.68,Normal Flow
PIPE_061,SCN_02,460991.2,3125000.0,3125000.0,14.75,Normal Flow
PIPE_062,SCN_02,480366.3,6125000.0,6125000.0,7.84,Normal Flow
PIPE_063,SCN_02,525171.3,4500000.0,4500000.0,11.67,Normal Flow
PIPE_001,SCN_03,516759.4,80000000.0,80000000.0,0.65,Normal Flow
PIPE_002,SCN_03,5372045.9,60000000.0,60000000.0,8.95,Normal Flow
PIPE_003,SCN_03,0.0,50000000.0,50000000.0,0.0,Normal Flow
PIPE_004,SCN_03,2551815.6,55000000.0,55000000.0,4.64,Normal Flow
PIPE_005,SCN_03,0.0,35000000.0,35000000.0,0.0,Normal Flow
PIPE_006,SCN_03,981467.6,25000000.0,25000000.0,3.93,Normal Flow
PIPE_007,SCN_03,0.0,30000000.0,30000000.0,0.0,Normal Flow
PIPE_008,SCN_03,3813119.7,30000000.0,30000000.0,12.71,Normal Flow
PIPE_009,SCN_03,2018820.8,20000000.0,20000000.0,10.09,Normal Flow
PIPE_010,SCN_03,0.0,4500000.0,4500000.0,0.0,Normal Flow
PIPE_011,SCN_03,649090.3,2500000.0,2500000.0,25.96,Normal Flow
PIPE_012,SCN_03,0.0,8000000.0,8000000.0,0.0,Normal Flow
PIPE_013,SCN_03,0.0,3125000.0,3125000.0,0.0,Normal Flow
PIPE_014,SCN_03,411188.4,8000000.0,8000000.0,5.14,Normal Flow
PIPE_015,SCN_03,0.0,6125000.0,6125000.0,0.0,Normal Flow
PIPE_016,SCN_03,0.0,6125000.0,6125000.0,0.0,Normal Flow
PIPE_017,SCN_03,0.0,2500000.0,2500000.0,0.0,Normal Flow
PIPE_018,SCN_03,661654.4,3125000.0,3125000.0,21.17,Normal Flow
PIPE_019,SCN_03,0.0,6125000.0,6125000.0,0.0,Normal Flow
PIPE_020,SCN_03,0.0,3125000.0,3125000.0,0.0,Normal Flow
PIPE_021,SCN_03,663938.7,4500000.0,4500000.0,14.75,Normal Flow
PIPE_022,SCN_03,0.0,4500000.0,4500000.0,0.0,Normal Flow
PIPE_023,SCN_03,0.0,2500000.0,2500000.0,0.0,Normal Flow
PIPE_024,SCN_03,0.0,3125000.0,3125000.0,0.0,Normal Flow
PIPE_025,SCN_03,516759.4,6125000.0,6125000.0,8.44,Normal Flow
PIPE_026,SCN_03,585535.5,8000000.0,8000000.0,7.32,Normal Flow
PIPE_027,SCN_03,671852.5,3125000.0,3125000.0,21.5,Normal Flow
PIPE_028,SCN_03,0.0,3125000.0,3125000.0,0.0,Normal Flow
PIPE_029,SCN_03,218974.1,2500000.0,2500000.0,8.76,Normal Flow
PIPE_030,SCN_03,0.0,4500000.0,4500000.0,0.0,Normal Flow
PIPE_031,SCN_03,0.0,8000000.0,8000000.0,0.0,Normal Flow
PIPE_032,SCN_03,0.0,6125000.0,6125000.0,0.0,Normal Flow
PIPE_033,SCN_03,515290.9,3125000.0,3125000.0,16.49,Normal Flow
PIPE_034,SCN_03,439824.7,3125000.0,3125000.0,14.07,Normal Flow
PIPE_035,SCN_03,0.0,2500000.0,2500000.0,0.0,Normal Flow
PIPE_036,SCN_03,588962.1,3125000.0,3125000.0,18.85,Normal Flow
PIPE_037,SCN_03,150769.1,6125000.0,6125000.0,2.46,Normal Flow
PIPE_038,SCN_03,638647.4,6125000.0,6125000.0,10.43,Normal Flow
PIPE_039,SCN_03,617924.8,4500000.0,4500000.0,13.73,Normal Flow
PIPE_040,SCN_03,616211.5,4500000.0,4500000.0,13.69,Normal Flow
PIPE_041,SCN_03,43974.3,2500000.0,2500000.0,1.76,Normal Flow
PIPE_042,SCN_03,0.0,3125000.0,3125000.0,0.0,Normal Flow
PIPE_043,SCN_03,0.0,3125000.0,3125000.0,0.0,Normal Flow
PIPE_044,SCN_03,0.0,4500000.0,4500000.0,0.0,Normal Flow
PIPE_045,SCN_03,0.0,3125000.0,3125000.0,0.0,Normal Flow
PIPE_046,SCN_03,0.0,8000000.0,8000000.0,0.0,Normal Flow
PIPE_047,SCN_03,0.0,2500000.0,2500000.0,0.0,Normal Flow
PIPE_048,SCN_03,0.0,4500000.0,4500000.0,0.0,Normal Flow
PIPE_049,SCN_03,0.0,3125000.0,3125000.0,0.0,Normal Flow
PIPE_050,SCN_03,0.0,3125000.0,3125000.0,0.0,Normal Flow
PIPE_051,SCN_03,0.0,4500000.0,4500000.0,0.0,Normal Flow
PIPE_052,SCN_03,0.0,3125000.0,3125000.0,0.0,Normal Flow
PIPE_053,SCN_03,0.0,2500000.0,2500000.0,0.0,Normal Flow
PIPE_054,SCN_03,0.0,6125000.0,6125000.0,0.0,Normal Flow
PIPE_055,SCN_03,0.0,3125000.0,3125000.0,0.0,Normal Flow
PIPE_056,SCN_03,0.0,8000000.0,8000000.0,0.0,Normal Flow
PIPE_057,SCN_03,0.0,6125000.0,6125000.0,0.0,Normal Flow
PIPE_058,SCN_03,0.0,8000000.0,8000000.0,0.0,Normal Flow
PIPE_059,SCN_03,347552.1,2500000.0,2500000.0,13.9,Normal Flow
PIPE_060,SCN_03,0.0,8000000.0,8000000.0,0.0,Normal Flow
PIPE_061,SCN_03,0.0,3125000.0,3125000.0,0.0,Normal Flow
PIPE_062,SCN_03,517820.0,6125000.0,6125000.0,8.45,Normal Flow
PIPE_063,SCN_03,566118.3,4500000.0,4500000.0,12.58,Normal Flow
PIPE_001,SCN_04,0.0,80000000.0,0.0,0.0,Failed / Ruptured
PIPE_002,SCN_04,8589420.0,60000000.0,60000000.0,14.32,Normal Flow
PIPE_003,SCN_04,0.0,50000000.0,50000000.0,0.0,Normal Flow
PIPE_004,SCN_04,3722082.0,55000000.0,55000000.0,6.77,Normal Flow
PIPE_005,SCN_04,0.0,35000000.0,35000000.0,0.0,Normal Flow
PIPE_006,SCN_04,1431570.0,25000000.0,25000000.0,5.73,Normal Flow
PIPE_007,SCN_04,0.0,30000000.0,30000000.0,0.0,Normal Flow
PIPE_008,SCN_04,5159518.0,30000000.0,30000000.0,17.2,Normal Flow
PIPE_009,SCN_04,2435020.0,20000000.0,20000000.0,12.18,Normal Flow
PIPE_010,SCN_04,37338.0,4500000.0,4500000.0,0.83,Normal Flow
PIPE_011,SCN_04,519582.0,2500000.0,2500000.0,20.78,Normal Flow
PIPE_012,SCN_04,0.0,8000000.0,8000000.0,0.0,Normal Flow
PIPE_013,SCN_04,272300.0,3125000.0,3125000.0,8.71,Normal Flow
PIPE_014,SCN_04,352800.0,8000000.0,8000000.0,4.41,Normal Flow
PIPE_015,SCN_04,155960.0,6125000.0,6125000.0,2.55,Normal Flow
PIPE_016,SCN_04,119140.0,6125000.0,6125000.0,1.95,Normal Flow
PIPE_017,SCN_04,0.0,2500000.0,2500000.0,0.0,Normal Flow
PIPE_018,SCN_04,567700.0,3125000.0,3125000.0,18.17,Normal Flow
PIPE_019,SCN_04,398510.0,6125000.0,6125000.0,6.51,Normal Flow
PIPE_020,SCN_04,144900.0,3125000.0,3125000.0,4.64,Normal Flow
PIPE_021,SCN_04,569660.0,4500000.0,4500000.0,12.66,Normal Flow
PIPE_022,SCN_04,0.0,4500000.0,4500000.0,0.0,Normal Flow
PIPE_023,SCN_04,398160.0,2500000.0,2500000.0,15.93,Normal Flow
PIPE_024,SCN_04,0.0,3125000.0,3125000.0,0.0,Normal Flow
PIPE_025,SCN_04,0.0,6125000.0,6125000.0,0.0,Normal Flow
PIPE_026,SCN_04,502390.0,8000000.0,8000000.0,6.28,Normal Flow
PIPE_027,SCN_04,576450.0,3125000.0,3125000.0,18.45,Normal Flow
PIPE_028,SCN_04,0.0,3125000.0,3125000.0,0.0,Normal Flow
PIPE_029,SCN_04,187880.0,2500000.0,2500000.0,7.52,Normal Flow
PIPE_030,SCN_04,144410.0,4500000.0,4500000.0,3.21,Normal Flow
PIPE_031,SCN_04,279300.0,8000000.0,8000000.0,3.49,Normal Flow
PIPE_032,SCN_04,123410.0,6125000.0,6125000.0,2.01,Normal Flow
PIPE_033,SCN_04,442120.0,3125000.0,3125000.0,14.15,Normal Flow
PIPE_034,SCN_04,377370.0,3125000.0,3125000.0,12.08,Normal Flow
PIPE_035,SCN_04,0.0,2500000.0,2500000.0,0.0,Normal Flow
PIPE_036,SCN_04,505330.0,3125000.0,3125000.0,16.17,Normal Flow
PIPE_037,SCN_04,206990.0,6125000.0,6125000.0,3.38,Normal Flow
PIPE_038,SCN_04,547960.0,6125000.0,6125000.0,8.95,Normal Flow
PIPE_039,SCN_04,530180.0,4500000.0,4500000.0,11.78,Normal Flow
PIPE_040,SCN_04,0.0,4500000.0,4500000.0,0.0,Normal Flow
PIPE_041,SCN_04,566440.0,2500000.0,2500000.0,22.66,Normal Flow
PIPE_042,SCN_04,201460.0,3125000.0,3125000.0,6.45,Normal Flow
PIPE_043,SCN_04,310940.0,3125000.0,3125000.0,9.95,Normal Flow
PIPE_044,SCN_04,408520.0,4500000.0,4500000.0,9.08,Normal Flow
PIPE_045,SCN_04,0.0,3125000.0,3125000.0,0.0,Normal Flow
PIPE_046,SCN_04,0.0,8000000.0,8000000.0,0.0,Normal Flow
PIPE_047,SCN_04,550760.0,2500000.0,2500000.0,22.03,Normal Flow
PIPE_048,SCN_04,453530.0,4500000.0,4500000.0,10.08,Normal Flow
PIPE_049,SCN_04,204540.0,3125000.0,3125000.0,6.55,Normal Flow
PIPE_050,SCN_04,0.0,3125000.0,3125000.0,0.0,Normal Flow
PIPE_051,SCN_04,0.0,4500000.0,4500000.0,0.0,Normal Flow
PIPE_052,SCN_04,0.0,3125000.0,3125000.0,0.0,Normal Flow
PIPE_053,SCN_04,498050.0,2500000.0,2500000.0,19.92,Normal Flow
PIPE_054,SCN_04,267750.0,6125000.0,6125000.0,4.37,Normal Flow
PIPE_055,SCN_04,275030.0,3125000.0,3125000.0,8.8,Normal Flow
PIPE_056,SCN_04,0.0,8000000.0,8000000.0,0.0,Normal Flow
PIPE_057,SCN_04,119112.0,6125000.0,6125000.0,1.94,Normal Flow
PIPE_058,SCN_04,0.0,8000000.0,8000000.0,0.0,Normal Flow
PIPE_059,SCN_04,298200.0,2500000.0,2500000.0,11.93,Normal Flow
PIPE_060,SCN_04,272510.0,8000000.0,8000000.0,3.41,Normal Flow
PIPE_061,SCN_04,426370.0,3125000.0,3125000.0,13.64,Normal Flow
PIPE_062,SCN_04,444290.0,6125000.0,6125000.0,7.25,Normal Flow
PIPE_063,SCN_04,485730.0,4500000.0,4500000.0,10.79,Normal Flow
PIPE_001,SCN_05,493215.9,80000000.0,80000000.0,0.62,Normal Flow
PIPE_002,SCN_05,6251398.8,60000000.0,60000000.0,10.42,Normal Flow
PIPE_003,SCN_05,0.0,50000000.0,0.0,0.0,Failed / Ruptured
PIPE_004,SCN_05,2922666.4,55000000.0,55000000.0,5.31,Normal Flow
PIPE_005,SCN_05,0.0,35000000.0,35000000.0,0.0,Normal Flow
PIPE_006,SCN_05,1124102.4,25000000.0,25000000.0,4.5,Normal Flow
PIPE_007,SCN_05,0.0,30000000.0,30000000.0,0.0,Normal Flow
PIPE_008,SCN_05,3852643.9,30000000.0,30000000.0,12.84,Normal Flow
PIPE_009,SCN_05,1912983.2,20000000.0,20000000.0,9.56,Normal Flow
PIPE_010,SCN_05,0.0,4500000.0,4500000.0,0.0,Normal Flow
PIPE_011,SCN_05,619517.8,2500000.0,2500000.0,24.78,Normal Flow
PIPE_012,SCN_05,0.0,8000000.0,8000000.0,0.0,Normal Flow
PIPE_013,SCN_05,0.0,3125000.0,3125000.0,0.0,Normal Flow
PIPE_014,SCN_05,392454.7,8000000.0,8000000.0,4.91,Normal Flow
PIPE_015,SCN_05,173489.9,6125000.0,6125000.0,2.83,Normal Flow
PIPE_016,SCN_05,0.0,6125000.0,6125000.0,0.0,Normal Flow
PIPE_017,SCN_05,0.0,2500000.0,2500000.0,0.0,Normal Flow
PIPE_018,SCN_05,631509.5,3125000.0,3125000.0,20.21,Normal Flow
PIPE_019,SCN_05,0.0,6125000.0,6125000.0,0.0,Normal Flow
PIPE_020,SCN_05,0.0,3125000.0,3125000.0,0.0,Normal Flow
PIPE_021,SCN_05,633689.8,4500000.0,4500000.0,14.08,Normal Flow
PIPE_022,SCN_05,0.0,4500000.0,4500000.0,0.0,Normal Flow
PIPE_023,SCN_05,0.0,2500000.0,2500000.0,0.0,Normal Flow
PIPE_024,SCN_05,0.0,3125000.0,3125000.0,0.0,Normal Flow
PIPE_025,SCN_05,493215.9,6125000.0,6125000.0,8.05,Normal Flow
PIPE_026,SCN_05,558858.6,8000000.0,8000000.0,6.99,Normal Flow
PIPE_027,SCN_05,641243.0,3125000.0,3125000.0,20.52,Normal Flow
PIPE_028,SCN_05,0.0,3125000.0,3125000.0,0.0,Normal Flow
PIPE_029,SCN_05,208997.7,2500000.0,2500000.0,8.36,Normal Flow
PIPE_030,SCN_05,0.0,4500000.0,4500000.0,0.0,Normal Flow
PIPE_031,SCN_05,0.0,8000000.0,8000000.0,0.0,Normal Flow
PIPE_032,SCN_05,0.0,6125000.0,6125000.0,0.0,Normal Flow
PIPE_033,SCN_05,491814.3,3125000.0,3125000.0,15.74,Normal Flow
PIPE_034,SCN_05,419786.4,3125000.0,3125000.0,13.43,Normal Flow
PIPE_035,SCN_05,0.0,2500000.0,2500000.0,0.0,Normal Flow
PIPE_036,SCN_05,562129.1,3125000.0,3125000.0,17.99,Normal Flow
PIPE_037,SCN_05,230255.7,6125000.0,6125000.0,3.76,Normal Flow
PIPE_038,SCN_05,609550.7,6125000.0,6125000.0,9.95,Normal Flow
PIPE_039,SCN_05,589772.2,4500000.0,4500000.0,13.11,Normal Flow
PIPE_040,SCN_05,231314.7,4500000.0,4500000.0,5.14,Normal Flow
PIPE_041,SCN_05,398793.2,2500000.0,2500000.0,15.95,Normal Flow
PIPE_042,SCN_05,0.0,3125000.0,3125000.0,0.0,Normal Flow
PIPE_043,SCN_05,0.0,3125000.0,3125000.0,0.0,Normal Flow
PIPE_044,SCN_05,454437.6,4500000.0,4500000.0,10.1,Normal Flow
PIPE_045,SCN_05,0.0,3125000.0,3125000.0,0.0,Normal Flow
PIPE_046,SCN_05,0.0,8000000.0,8000000.0,0.0,Normal Flow
PIPE_047,SCN_05,0.0,2500000.0,2500000.0,0.0,Normal Flow
PIPE_048,SCN_05,0.0,4500000.0,4500000.0,0.0,Normal Flow
PIPE_049,SCN_05,0.0,3125000.0,3125000.0,0.0,Normal Flow
PIPE_050,SCN_05,0.0,3125000.0,3125000.0,0.0,Normal Flow
PIPE_051,SCN_05,0.0,4500000.0,4500000.0,0.0,Normal Flow
PIPE_052,SCN_05,0.0,3125000.0,3125000.0,0.0,Normal Flow
PIPE_053,SCN_05,554030.8,2500000.0,2500000.0,22.16,Normal Flow
PIPE_054,SCN_05,0.0,6125000.0,6125000.0,0.0,Normal Flow
PIPE_055,SCN_05,0.0,3125000.0,3125000.0,0.0,Normal Flow
PIPE_056,SCN_05,0.0,8000000.0,8000000.0,0.0,Normal Flow
PIPE_057,SCN_05,0.0,6125000.0,6125000.0,0.0,Normal Flow
PIPE_058,SCN_05,0.0,8000000.0,8000000.0,0.0,Normal Flow
PIPE_059,SCN_05,331717.7,2500000.0,2500000.0,13.27,Normal Flow
PIPE_060,SCN_05,303140.1,8000000.0,8000000.0,3.79,Normal Flow
PIPE_061,SCN_05,227109.8,3125000.0,3125000.0,7.27,Normal Flow
PIPE_062,SCN_05,494228.2,6125000.0,6125000.0,8.07,Normal Flow
PIPE_063,SCN_05,540326.1,4500000.0,4500000.0,12.01,Normal Flow
PIPE_001,SCN_06,2264451.0,80000000.0,80000000.0,2.83,Normal Flow
PIPE_002,SCN_06,9331266.0,60000000.0,60000000.0,15.55,Normal Flow
PIPE_003,SCN_06,0.0,50000000.0,50000000.0,0.0,Normal Flow
PIPE_004,SCN_06,5024810.7,55000000.0,55000000.0,9.14,Normal Flow
PIPE_005,SCN_06,0.0,35000000.0,35000000.0,0.0,Normal Flow
PIPE_006,SCN_06,1932619.5,25000000.0,25000000.0,7.73,Normal Flow
PIPE_007,SCN_06,0.0,30000000.0,30000000.0,0.0,Normal Flow
PIPE_008,SCN_06,6025392.5,30000000.0,30000000.0,20.08,Normal Flow
PIPE_009,SCN_06,2599263.5,20000000.0,20000000.0,13.0,Normal Flow
PIPE_010,SCN_06,0.0,4500000.0,4500000.0,0.0,Normal Flow
PIPE_011,SCN_06,710073.0,2500000.0,2500000.0,28.4,Normal Flow
PIPE_012,SCN_06,605204.2,8000000.0,8000000.0,7.57,Normal Flow
PIPE_013,SCN_06,0.0,3125000.0,3125000.0,0.0,Normal Flow
PIPE_014,SCN_06,449820.0,8000000.0,8000000.0,5.62,Normal Flow
PIPE_015,SCN_06,198849.0,6125000.0,6125000.0,3.25,Normal Flow
PIPE_016,SCN_06,0.0,6125000.0,6125000.0,0.0,Normal Flow
PIPE_017,SCN_06,0.0,2500000.0,2500000.0,0.0,Normal Flow
PIPE_018,SCN_06,723817.5,3125000.0,3125000.0,23.16,Normal Flow
PIPE_019,SCN_06,508100.2,6125000.0,6125000.0,8.3,Normal Flow
PIPE_020,SCN_06,0.0,3125000.0,3125000.0,0.0,Normal Flow
PIPE_021,SCN_06,726316.5,4500000.0,4500000.0,16.14,Normal Flow
PIPE_022,SCN_06,0.0,4500000.0,4500000.0,0.0,Normal Flow
PIPE_023,SCN_06,507654.0,2500000.0,2500000.0,20.31,Normal Flow
PIPE_024,SCN_06,0.0,3125000.0,3125000.0,0.0,Normal Flow
PIPE_025,SCN_06,565309.5,6125000.0,6125000.0,9.23,Normal Flow
PIPE_026,SCN_06,640547.2,8000000.0,8000000.0,8.01,Normal Flow
PIPE_027,SCN_06,734973.8,3125000.0,3125000.0,23.52,Normal Flow
PIPE_028,SCN_06,0.0,3125000.0,3125000.0,0.0,Normal Flow
PIPE_029,SCN_06,239547.0,2500000.0,2500000.0,9.58,Normal Flow
PIPE_030,SCN_06,46892.0,4500000.0,4500000.0,1.04,Normal Flow
PIPE_031,SCN_06,356107.5,8000000.0,8000000.0,4.45,Normal Flow
PIPE_032,SCN_06,157347.8,6125000.0,6125000.0,2.57,Normal Flow
PIPE_033,SCN_06,563703.0,3125000.0,3125000.0,18.04,Normal Flow
PIPE_034,SCN_06,481146.8,3125000.0,3125000.0,15.4,Normal Flow
PIPE_035,SCN_06,0.0,2500000.0,2500000.0,0.0,Normal Flow
PIPE_036,SCN_06,644295.8,3125000.0,3125000.0,20.62,Normal Flow
PIPE_037,SCN_06,263912.2,6125000.0,6125000.0,4.31,Normal Flow
PIPE_038,SCN_06,698649.0,6125000.0,6125000.0,11.41,Normal Flow
PIPE_039,SCN_06,675979.5,4500000.0,4500000.0,15.02,Normal Flow
PIPE_040,SCN_06,568201.2,4500000.0,4500000.0,12.63,Normal Flow
PIPE_041,SCN_06,154009.8,2500000.0,2500000.0,6.16,Normal Flow
PIPE_042,SCN_06,256861.5,3125000.0,3125000.0,8.22,Normal Flow
PIPE_043,SCN_06,396448.5,3125000.0,3125000.0,12.69,Normal Flow
PIPE_044,SCN_06,520863.0,4500000.0,4500000.0,11.57,Normal Flow
PIPE_045,SCN_06,0.0,3125000.0,3125000.0,0.0,Normal Flow
PIPE_046,SCN_06,0.0,8000000.0,8000000.0,0.0,Normal Flow
PIPE_047,SCN_06,702219.0,2500000.0,2500000.0,28.09,Normal Flow
PIPE_048,SCN_06,578250.8,4500000.0,4500000.0,12.85,Normal Flow
PIPE_049,SCN_06,0.0,3125000.0,3125000.0,0.0,Normal Flow
PIPE_050,SCN_06,0.0,3125000.0,3125000.0,0.0,Normal Flow
PIPE_051,SCN_06,388862.2,4500000.0,4500000.0,8.64,Normal Flow
PIPE_052,SCN_06,0.0,3125000.0,3125000.0,0.0,Normal Flow
PIPE_053,SCN_06,635013.8,2500000.0,2500000.0,25.4,Normal Flow
PIPE_054,SCN_06,341381.2,6125000.0,6125000.0,5.57,Normal Flow
PIPE_055,SCN_06,350663.2,3125000.0,3125000.0,11.22,Normal Flow
PIPE_056,SCN_06,705075.0,8000000.0,8000000.0,8.81,Normal Flow
PIPE_057,SCN_06,0.0,6125000.0,6125000.0,0.0,Normal Flow
PIPE_058,SCN_06,0.0,8000000.0,8000000.0,0.0,Normal Flow
PIPE_059,SCN_06,380205.0,2500000.0,2500000.0,15.21,Normal Flow
PIPE_060,SCN_06,347450.2,8000000.0,8000000.0,4.34,Normal Flow
PIPE_061,SCN_06,543621.8,3125000.0,3125000.0,17.4,Normal Flow
PIPE_062,SCN_06,566469.8,6125000.0,6125000.0,9.25,Normal Flow
PIPE_063,SCN_06,619305.8,4500000.0,4500000.0,13.76,Normal Flow
PIPE_001,SCN_07,0.0,80000000.0,80000000.0,0.0,Normal Flow
PIPE_002,SCN_07,4193253.8,60000000.0,60000000.0,6.99,Normal Flow
PIPE_003,SCN_07,0.0,50000000.0,50000000.0,0.0,Normal Flow
PIPE_004,SCN_07,1817076.6,55000000.0,55000000.0,3.3,Normal Flow
PIPE_005,SCN_07,0.0,35000000.0,0.0,0.0,Failed / Ruptured
PIPE_006,SCN_07,698875.6,25000000.0,25000000.0,2.8,Normal Flow
PIPE_007,SCN_07,0.0,30000000.0,30000000.0,0.0,Normal Flow
PIPE_008,SCN_07,2508815.0,30000000.0,30000000.0,8.36,Normal Flow
PIPE_009,SCN_07,1703493.8,20000000.0,20000000.0,8.52,Normal Flow
PIPE_010,SCN_07,0.0,4500000.0,4500000.0,0.0,Normal Flow
PIPE_011,SCN_07,660284.4,2500000.0,2500000.0,26.41,Normal Flow
PIPE_012,SCN_07,0.0,8000000.0,8000000.0,0.0,Normal Flow
PIPE_013,SCN_07,0.0,3125000.0,3125000.0,0.0,Normal Flow
PIPE_014,SCN_07,418279.7,8000000.0,8000000.0,5.23,Normal Flow
PIPE_015,SCN_07,0.0,6125000.0,6125000.0,0.0,Normal Flow
PIPE_016,SCN_07,0.0,6125000.0,6125000.0,0.0,Normal Flow
PIPE_017,SCN_07,0.0,2500000.0,2500000.0,0.0,Normal Flow
PIPE_018,SCN_07,229439.7,3125000.0,3125000.0,7.34,Normal Flow
PIPE_019,SCN_07,0.0,6125000.0,6125000.0,0.0,Normal Flow
PIPE_020,SCN_07,0.0,3125000.0,3125000.0,0.0,Normal Flow
PIPE_021,SCN_07,675388.9,4500000.0,4500000.0,15.01,Normal Flow
PIPE_022,SCN_07,0.0,4500000.0,4500000.0,0.0,Normal Flow
PIPE_023,SCN_07,0.0,2500000.0,2500000.0,0.0,Normal Flow
PIPE_024,SCN_07,0.0,3125000.0,3125000.0,0.0,Normal Flow
PIPE_025,SCN_07,0.0,6125000.0,6125000.0,0.0,Normal Flow
PIPE_026,SCN_07,595633.6,8000000.0,8000000.0,7.45,Normal Flow
PIPE_027,SCN_07,683439.1,3125000.0,3125000.0,21.87,Normal Flow
PIPE_028,SCN_07,0.0,3125000.0,3125000.0,0.0,Normal Flow
PIPE_029,SCN_07,0.0,2500000.0,2500000.0,0.0,Normal Flow
PIPE_030,SCN_07,0.0,4500000.0,4500000.0,0.0,Normal Flow
PIPE_031,SCN_07,0.0,8000000.0,8000000.0,0.0,Normal Flow
PIPE_032,SCN_07,0.0,6125000.0,6125000.0,0.0,Normal Flow
PIPE_033,SCN_07,524177.5,3125000.0,3125000.0,16.77,Normal Flow
PIPE_034,SCN_07,447409.9,3125000.0,3125000.0,14.32,Normal Flow
PIPE_035,SCN_07,0.0,2500000.0,2500000.0,0.0,Normal Flow
PIPE_036,SCN_07,599119.2,3125000.0,3125000.0,19.17,Normal Flow
PIPE_037,SCN_07,0.0,6125000.0,6125000.0,0.0,Normal Flow
PIPE_038,SCN_07,0.0,6125000.0,6125000.0,0.0,Normal Flow
PIPE_039,SCN_07,628581.4,4500000.0,4500000.0,13.97,Normal Flow
PIPE_040,SCN_07,528210.9,4500000.0,4500000.0,11.74,Normal Flow
PIPE_041,SCN_07,143360.4,2500000.0,2500000.0,5.73,Normal Flow
PIPE_042,SCN_07,0.0,3125000.0,3125000.0,0.0,Normal Flow
PIPE_043,SCN_07,0.0,3125000.0,3125000.0,0.0,Normal Flow
PIPE_044,SCN_07,0.0,4500000.0,4500000.0,0.0,Normal Flow
PIPE_045,SCN_07,0.0,3125000.0,3125000.0,0.0,Normal Flow
PIPE_046,SCN_07,0.0,8000000.0,8000000.0,0.0,Normal Flow
PIPE_047,SCN_07,0.0,2500000.0,2500000.0,0.0,Normal Flow
PIPE_048,SCN_07,0.0,4500000.0,4500000.0,0.0,Normal Flow
PIPE_049,SCN_07,0.0,3125000.0,3125000.0,0.0,Normal Flow
PIPE_050,SCN_07,0.0,3125000.0,3125000.0,0.0,Normal Flow
PIPE_051,SCN_07,0.0,4500000.0,4500000.0,0.0,Normal Flow
PIPE_052,SCN_07,0.0,3125000.0,3125000.0,0.0,Normal Flow
PIPE_053,SCN_07,0.0,2500000.0,2500000.0,0.0,Normal Flow
PIPE_054,SCN_07,0.0,6125000.0,6125000.0,0.0,Normal Flow
PIPE_055,SCN_07,0.0,3125000.0,3125000.0,0.0,Normal Flow
PIPE_056,SCN_07,0.0,8000000.0,8000000.0,0.0,Normal Flow
PIPE_057,SCN_07,0.0,6125000.0,6125000.0,0.0,Normal Flow
PIPE_058,SCN_07,0.0,8000000.0,8000000.0,0.0,Normal Flow
PIPE_059,SCN_07,0.0,2500000.0,2500000.0,0.0,Normal Flow
PIPE_060,SCN_07,0.0,8000000.0,8000000.0,0.0,Normal Flow
PIPE_061,SCN_07,0.0,3125000.0,3125000.0,0.0,Normal Flow
PIPE_062,SCN_07,0.0,6125000.0,6125000.0,0.0,Normal Flow
PIPE_063,SCN_07,575881.5,4500000.0,4500000.0,12.8,Normal Flow
